{"type":"FeatureCollection","features":[{"type":"Feature","geometry":{"type":"LineString","coordinates":[[7.34324,47.74194],[7.34293,47.74178],[7.34142,47.74097],[7.34089,47.74068],[7.34039,47.74043],[7.33992,47.74019],[7.33972,47.74009],[7.33935,47.73991],[7.33925,47.73986],[7.33878,47.73964],[7.33841,47.73947],[7.33829,47.73942],[7.3382,47.73938],[7.3382,47.73938],[7.33812,47.73933],[7.33799,47.73926],[7.33787,47.7392],[7.33779,47.73915],[7.33771,47.7391],[7.33761,47.73904],[7.33751,47.73898],[7.33743,47.73894],[7.33734,47.7389],[7.33734,47.7389],[7.33731,47.73889],[7.33684,47.73867],[7.33684,47.73867],[7.33592,47.73826],[7.33533,47.73799],[7.33528,47.73797],[7.33484,47.73777],[7.33423,47.7375],[7.33406,47.73742],[7.33377,47.73731],[7.33337,47.73714],[7.33263,47.73686],[7.33197,47.7366],[7.33124,47.7363],[7.33068,47.73607],[7.33035,47.73593],[7.33018,47.73586],[7.33002,47.73579],[7.32985,47.73571],[7.32967,47.73563],[7.32951,47.73556],[7.32934,47.73548],[7.32914,47.73538],[7.32895,47.73528],[7.32878,47.73518],[7.32861,47.73508],[7.32843,47.73497],[7.3282,47.73483],[7.32803,47.73472],[7.3279,47.73462],[7.32769,47.73446],[7.32742,47.73425],[7.32725,47.7341],[7.32705,47.73391],[7.32687,47.73374],[7.32665,47.73351],[7.32617,47.73301],[7.32575,47.73256],[7.32549,47.73229],[7.32492,47.73168],[7.32438,47.7311],[7.32383,47.73052],[7.3236,47.73027],[7.32342,47.73007],[7.32303,47.72966],[7.32241,47.729],[7.32192,47.72847],[7.32104,47.72754],[7.32024,47.72669],[7.31927,47.72565],[7.31887,47.72523],[7.31837,47.72469],[7.31785,47.72415],[7.31758,47.72387],[7.31711,47.72342],[7.31637,47.72268],[7.31596,47.72227],[7.3157,47.722],[7.31567,47.72196],[7.31556,47.72185],[7.31544,47.72171],[7.31531,47.72155],[7.31517,47.72137],[7.31504,47.72117],[7.31496,47.72106],[7.3149,47.72096],[7.31479,47.72078],[7.31469,47.7206],[7.31463,47.72048],[7.31456,47.72034],[7.31449,47.72017],[7.31443,47.72002],[7.31438,47.71989],[7.31429,47.71965],[7.31421,47.71939],[7.31414,47.71912],[7.31408,47.71893],[7.31401,47.71869],[7.31376,47.71777],[7.31332,47.71619],[7.31301,47.71506],[7.31286,47.71451],[7.3127,47.71394],[7.31239,47.71283],[7.31211,47.71182],[7.31175,47.7105],[7.31153,47.70972],[7.31125,47.70869],[7.31095,47.70763],[7.31077,47.70698],[7.31065,47.70655],[7.31059,47.70637],[7.31051,47.70615],[7.31041,47.70589],[7.31035,47.70576],[7.31029,47.70563],[7.31023,47.70549],[7.31017,47.70537],[7.31011,47.70525],[7.30998,47.70503],[7.30988,47.70486],[7.30981,47.70475],[7.30974,47.70464],[7.30967,47.70454],[7.30959,47.70441],[7.3095,47.70429],[7.30935,47.70409],[7.30921,47.70391],[7.30902,47.70369],[7.30862,47.70322],[7.30827,47.70281],[7.30783,47.70231],[7.30723,47.70163],[7.30618,47.70042],[7.30575,47.69993],[7.30547,47.69961],[7.30512,47.69922],[7.30491,47.699],[7.30477,47.69887],[7.30464,47.69874],[7.30447,47.69859],[7.30445,47.69857],[7.30429,47.69842],[7.30404,47.69821],[7.30376,47.69798],[7.30334,47.69767],[7.30291,47.69736],[7.30266,47.6972],[7.30237,47.69702],[7.302,47.6968],[7.30166,47.69661],[7.30117,47.69636],[7.30091,47.69623],[7.30059,47.69608],[7.30029,47.69594],[7.3001,47.69586],[7.29991,47.69578],[7.29967,47.69569],[7.29944,47.6956],[7.29921,47.69551],[7.29879,47.69537],[7.29856,47.69529],[7.29825,47.69519],[7.29798,47.69511],[7.29763,47.69501],[7.29729,47.69492],[7.29695,47.69484],[7.29654,47.69475],[7.29613,47.69466],[7.2953,47.69448],[7.29454,47.69433],[7.29394,47.6942],[7.29333,47.69407],[7.29271,47.69394],[7.29211,47.69382],[7.2916,47.69371],[7.29146,47.69368],[7.29134,47.69366],[7.29106,47.6936],[7.29073,47.69353],[7.29049,47.69348],[7.29023,47.69342],[7.28991,47.69335],[7.28965,47.6933],[7.28942,47.69324],[7.28914,47.69317],[7.28883,47.69309],[7.28855,47.69301],[7.28829,47.69294],[7.28804,47.69286],[7.28783,47.69279],[7.28758,47.6927],[7.28736,47.69262],[7.28713,47.69254],[7.28692,47.69245],[7.28674,47.69238],[7.28657,47.69231],[7.28642,47.69224],[7.28621,47.69214],[7.28604,47.69207],[7.2859,47.692],[7.28573,47.69191],[7.28555,47.69182],[7.28539,47.69173],[7.2852,47.69163],[7.28504,47.69153],[7.28486,47.69142],[7.28472,47.69134],[7.28457,47.69124],[7.28437,47.69111],[7.28412,47.69094],[7.28394,47.6908],[7.28378,47.69068],[7.28361,47.69054],[7.28348,47.69044],[7.28332,47.6903],[7.28319,47.69019],[7.28301,47.69002],[7.28283,47.68985],[7.28267,47.68969],[7.28252,47.68952],[7.28236,47.68935],[7.2822,47.68916],[7.28204,47.68897],[7.28177,47.68861],[7.28141,47.68812],[7.28125,47.68791],[7.28109,47.6877],[7.28094,47.68751],[7.2808,47.68734],[7.28068,47.68719],[7.28056,47.68704],[7.2804,47.68687],[7.28022,47.68668],[7.28008,47.68654],[7.27994,47.68641],[7.27978,47.68625],[7.27964,47.68613],[7.27944,47.68594],[7.27913,47.68569],[7.27882,47.68543],[7.27839,47.68508],[7.27808,47.68483],[7.2774,47.68427],[7.27644,47.68349],[7.27636,47.68342],[7.27536,47.6826],[7.27492,47.68225],[7.27447,47.68187],[7.27348,47.68106],[7.27276,47.68046],[7.27219,47.68002],[7.27151,47.67946],[7.27096,47.67902],[7.27065,47.67875],[7.27047,47.6786],[7.2703,47.67845],[7.27014,47.6783],[7.26991,47.67807],[7.26978,47.67795],[7.26964,47.6778],[7.26949,47.67764],[7.26935,47.67748],[7.2692,47.6773],[7.26905,47.67711],[7.2689,47.67691],[7.26874,47.6767],[7.26856,47.67644],[7.26837,47.67612],[7.26829,47.67597],[7.26817,47.67578],[7.26801,47.67548],[7.26789,47.67523],[7.26782,47.67506],[7.26772,47.67481],[7.26759,47.67446],[7.2675,47.67418],[7.26744,47.67399],[7.2674,47.67383],[7.2673,47.67344],[7.26722,47.67299],[7.26713,47.67252],[7.26706,47.67201],[7.26701,47.67167],[7.26696,47.67134],[7.26689,47.67091],[7.26681,47.67047],[7.26672,47.66992],[7.26659,47.66919],[7.2665,47.66869],[7.26631,47.6677],[7.26611,47.66661],[7.26604,47.66621],[7.26598,47.66582],[7.26587,47.66518],[7.26573,47.66438],[7.26568,47.66407],[7.26556,47.6634],[7.26554,47.66322],[7.26547,47.66286],[7.26535,47.66215],[7.26526,47.66161],[7.26499,47.66003],[7.26498,47.65998],[7.26486,47.65929],[7.26474,47.65856],[7.26472,47.65845],[7.2646,47.65778],[7.2646,47.65776],[7.26448,47.65709],[7.26435,47.65632],[7.26416,47.65509],[7.26414,47.65497],[7.26406,47.65408],[7.26401,47.65353],[7.26397,47.6531],[7.26392,47.65269],[7.26387,47.6522],[7.26385,47.65189],[7.2638,47.65115],[7.26371,47.65047],[7.26371,47.65043],[7.26368,47.65006],[7.26364,47.64965],[7.2636,47.64924],[7.26356,47.64886],[7.26353,47.64853],[7.26342,47.64746],[7.26336,47.64682],[7.2633,47.64619],[7.26325,47.6457],[7.2632,47.64518],[7.26319,47.64502],[7.26316,47.64477],[7.26314,47.64453],[7.26312,47.64435],[7.26311,47.64408],[7.2631,47.64388],[7.2631,47.64366],[7.2631,47.64348],[7.26311,47.64322],[7.26312,47.64305],[7.26314,47.64283],[7.26317,47.64264],[7.2632,47.64238],[7.26329,47.64187],[7.26333,47.64164],[7.26344,47.64098],[7.26356,47.64031],[7.26361,47.63999],[7.26363,47.63986],[7.26366,47.63965],[7.26368,47.63949],[7.26368,47.63945],[7.2637,47.63925],[7.26372,47.63903],[7.26372,47.63886],[7.26373,47.63865],[7.26372,47.63841],[7.2637,47.63816],[7.26368,47.63791],[7.26365,47.63773],[7.26364,47.63761],[7.26361,47.63739],[7.26357,47.63718],[7.26353,47.637],[7.26347,47.63679],[7.2634,47.63654],[7.26333,47.63631],[7.26324,47.63607],[7.26318,47.6359],[7.26307,47.63566],[7.26298,47.63545],[7.26288,47.63525],[7.26276,47.63503],[7.26254,47.63466],[7.26221,47.63413],[7.26179,47.63349],[7.26151,47.63304],[7.26126,47.63266],[7.26085,47.63206],[7.26056,47.63168],[7.26032,47.63138],[7.26019,47.63122],[7.25999,47.631],[7.25983,47.63082],[7.25954,47.63051],[7.25926,47.63023],[7.25892,47.62989],[7.25849,47.6295],[7.25826,47.62929],[7.258,47.62907],[7.25772,47.62883],[7.25738,47.62856],[7.257,47.62826],[7.25674,47.62807],[7.25642,47.62784],[7.2561,47.62762],[7.25594,47.62751],[7.25574,47.62739],[7.25553,47.62726],[7.25532,47.62714],[7.25504,47.62699],[7.25479,47.62687],[7.25451,47.62673],[7.25421,47.6266],[7.25398,47.6265],[7.25376,47.62642],[7.25356,47.62635],[7.25328,47.62625],[7.25297,47.62615],[7.25265,47.62606],[7.25244,47.626],[7.25218,47.62593],[7.25193,47.62587],[7.25159,47.6258],[7.25142,47.62577],[7.25118,47.62572],[7.25089,47.62567],[7.25065,47.62564],[7.25039,47.62561],[7.25015,47.62558],[7.24992,47.62556],[7.24973,47.62554],[7.24949,47.62553],[7.24926,47.62552],[7.24898,47.62551],[7.2488,47.6255],[7.24858,47.6255],[7.24837,47.6255],[7.24814,47.62551],[7.24791,47.62551],[7.24771,47.62552],[7.24752,47.62554],[7.24724,47.62556],[7.24708,47.62557],[7.24693,47.62559],[7.24663,47.62563],[7.24646,47.62565],[7.24625,47.62568],[7.24607,47.62571],[7.24585,47.62575],[7.24563,47.62579],[7.24535,47.62584],[7.24508,47.6259],[7.24478,47.62596],[7.24379,47.62617],[7.24348,47.62623],[7.2424,47.62648],[7.24235,47.62649],[7.24235,47.62649],[7.24074,47.62687],[7.24056,47.62693],[7.24018,47.62702],[7.24018,47.62702],[7.2398,47.62711],[7.23917,47.62726],[7.23883,47.62734],[7.23854,47.62741],[7.23829,47.62746],[7.238,47.62753],[7.23759,47.62762],[7.23717,47.62771],[7.23668,47.6278],[7.23641,47.62785],[7.23611,47.62789],[7.23586,47.62793],[7.23561,47.62795],[7.23514,47.628],[7.23481,47.62803],[7.23458,47.62804],[7.23412,47.62806],[7.23378,47.62807],[7.23347,47.62806],[7.23314,47.62807],[7.23284,47.62809],[7.23257,47.62808],[7.23219,47.62806],[7.23189,47.62804],[7.23152,47.628],[7.23113,47.62796],[7.23077,47.62791],[7.23038,47.62785],[7.23007,47.62779],[7.22974,47.62772],[7.22946,47.62766],[7.22914,47.62759],[7.22885,47.62752],[7.22846,47.62741],[7.22816,47.62732],[7.22777,47.62719],[7.22743,47.62707],[7.22692,47.6269],[7.22644,47.62672],[7.22605,47.62657],[7.22568,47.62643],[7.2255,47.62636],[7.2251,47.6262],[7.22473,47.62604],[7.22411,47.62578],[7.22251,47.62509],[7.22177,47.62475],[7.2201,47.62402],[7.21902,47.62354],[7.2178,47.62301],[7.2166,47.62249],[7.2157,47.62209],[7.21423,47.62144],[7.21315,47.62097],[7.21202,47.62047],[7.21068,47.61988],[7.20959,47.6194],[7.20864,47.61899],[7.20796,47.6187],[7.20742,47.61846],[7.20674,47.61816],[7.20621,47.61793],[7.20592,47.61781],[7.20553,47.61766],[7.20523,47.61755],[7.20493,47.61744],[7.20455,47.61732],[7.20405,47.61718],[7.20373,47.6171],[7.20344,47.61703],[7.20304,47.61694],[7.20268,47.61686],[7.20232,47.6168],[7.20194,47.61674],[7.20164,47.6167],[7.2012,47.61664],[7.2008,47.61661],[7.20035,47.61657],[7.20005,47.61655],[7.1997,47.61654],[7.19927,47.61653],[7.19885,47.61653],[7.19847,47.61654],[7.19807,47.61656],[7.19767,47.61658],[7.19727,47.61662],[7.19685,47.61666],[7.1965,47.6167],[7.19613,47.61676],[7.19573,47.61682],[7.1953,47.61691],[7.1948,47.61701],[7.19367,47.61728],[7.19254,47.61755],[7.19143,47.61782],[7.19085,47.61795],[7.1901,47.61813],[7.18936,47.61832],[7.1878,47.61869],[7.18685,47.61892],[7.18578,47.61917],[7.18439,47.61949],[7.18324,47.61977],[7.18272,47.61989],[7.18231,47.61998],[7.18191,47.62007],[7.18156,47.62014],[7.1812,47.62021],[7.18085,47.62027],[7.1804,47.62035],[7.18006,47.6204],[7.17954,47.62048],[7.17902,47.62055],[7.17853,47.62061],[7.17804,47.62068],[7.17761,47.62072],[7.17723,47.62076],[7.17676,47.6208],[7.17641,47.62083],[7.1758,47.62088],[7.17509,47.62092],[7.1747,47.62094],[7.17436,47.62096],[7.17408,47.62097],[7.17369,47.62098],[7.17331,47.62099],[7.17304,47.62099],[7.17229,47.62099],[7.17203,47.62099],[7.17179,47.62098],[7.17137,47.62097],[7.17095,47.62096],[7.17048,47.62094],[7.17004,47.62091],[7.16956,47.62088],[7.16922,47.62086],[7.16889,47.62083],[7.16857,47.62081],[7.16828,47.62078],[7.16777,47.62073],[7.1674,47.62069],[7.16704,47.62064],[7.16666,47.62059],[7.16623,47.62053],[7.1657,47.62045],[7.16467,47.6203],[7.16454,47.62028],[7.16285,47.62002],[7.16215,47.61991],[7.16161,47.61984],[7.16108,47.61977],[7.16067,47.61973],[7.16027,47.61969],[7.15998,47.61967],[7.1595,47.61965],[7.15912,47.61963],[7.15869,47.61963],[7.15812,47.61963],[7.1578,47.61964],[7.15739,47.61965],[7.15705,47.61967],[7.15658,47.6197],[7.15609,47.61975],[7.15568,47.61979],[7.15516,47.61986],[7.15459,47.61995],[7.15403,47.62006],[7.15339,47.6202],[7.15251,47.62042],[7.15198,47.62058],[7.15155,47.62072],[7.15109,47.62087],[7.15045,47.62111],[7.15001,47.62129],[7.14978,47.62139],[7.14946,47.62153],[7.14906,47.62173],[7.14874,47.62189],[7.14838,47.62208],[7.14763,47.6225],[7.14635,47.62321],[7.14574,47.62354],[7.14484,47.62403],[7.14377,47.62462],[7.14289,47.62511],[7.14223,47.62547],[7.1415,47.62589],[7.14089,47.62624],[7.14051,47.62644],[7.1401,47.62665],[7.1398,47.62678],[7.13949,47.62692],[7.13921,47.62703],[7.13891,47.62715],[7.13864,47.62724],[7.13838,47.62732],[7.13813,47.6274],[7.13785,47.62749],[7.13752,47.62758],[7.13707,47.6277],[7.13667,47.62779],[7.13643,47.62784],[7.13609,47.62791],[7.13588,47.62795],[7.13567,47.62798],[7.13543,47.62802],[7.13496,47.62808],[7.13443,47.62814],[7.13404,47.62818],[7.13364,47.62821],[7.13327,47.62822],[7.13302,47.62823],[7.13283,47.62824],[7.13253,47.62824],[7.13224,47.62824],[7.13201,47.62824],[7.13175,47.62823],[7.13146,47.62821],[7.13113,47.6282],[7.13084,47.62817],[7.1305,47.62814],[7.13017,47.62811],[7.12972,47.62806],[7.12865,47.62795],[7.12706,47.62779],[7.12602,47.62769],[7.12495,47.62759],[7.12376,47.62748],[7.12271,47.62738],[7.12193,47.62731],[7.12112,47.62723],[7.11977,47.6271],[7.11856,47.62699],[7.11724,47.62687],[7.11585,47.62674],[7.11545,47.6267],[7.11424,47.62658],[7.1137,47.62652],[7.11324,47.62647],[7.11232,47.62638],[7.11173,47.62633],[7.10427,47.62562],[7.10369,47.62557],[7.10295,47.6255],[7.10254,47.62548],[7.10217,47.62546],[7.10185,47.62545],[7.10146,47.62544],[7.1011,47.62544],[7.10079,47.62545],[7.10049,47.62546],[7.10015,47.62547],[7.09984,47.62549],[7.09956,47.62551],[7.09916,47.62555],[7.0988,47.62559],[7.09834,47.62564],[7.09796,47.6257],[7.09759,47.62575],[7.09727,47.62581],[7.09674,47.62591],[7.09632,47.626],[7.09562,47.62617],[7.09522,47.62628],[7.09485,47.62639],[7.09449,47.62651],[7.09409,47.62664],[7.09372,47.62677],[7.09341,47.62689],[7.09307,47.62703],[7.09276,47.62717],[7.09237,47.62734],[7.09177,47.62762],[7.09118,47.62791],[7.0903,47.62833],[7.08994,47.62851],[7.08987,47.62854],[7.08857,47.62917],[7.08775,47.62956],[7.08735,47.62974],[7.08712,47.62984],[7.08692,47.62993],[7.08654,47.63009],[7.08625,47.6302],[7.08604,47.63028],[7.08587,47.63034],[7.08556,47.63044],[7.08528,47.63053],[7.08502,47.63061],[7.08474,47.63068],[7.08441,47.63077],[7.08391,47.63088],[7.08346,47.63098],[7.08292,47.63107],[7.08257,47.63112],[7.08233,47.63116],[7.08207,47.63119],[7.08181,47.63122],[7.08147,47.63125],[7.08119,47.63127],[7.08087,47.63129],[7.08055,47.6313],[7.08025,47.63131],[7.08001,47.63131],[7.07977,47.63131],[7.07954,47.63131],[7.0792,47.6313],[7.078,47.63127],[7.0773,47.63124],[7.07646,47.63121],[7.07594,47.63119],[7.07549,47.63118],[7.07495,47.63117],[7.07448,47.63116],[7.07375,47.63116],[7.07222,47.63117],[7.07063,47.63117],[7.06901,47.63117],[7.06689,47.63119],[7.06427,47.6312],[7.06279,47.6312],[7.06264,47.6312],[7.05941,47.63122],[7.05921,47.63122],[7.05868,47.63122],[7.05804,47.63123],[7.0571,47.63123],[7.05688,47.63123],[7.05657,47.63123],[7.05623,47.63122],[7.05581,47.63121],[7.05546,47.63118],[7.05515,47.63116],[7.0549,47.63114],[7.0546,47.63111],[7.05426,47.63107],[7.05397,47.63103],[7.05372,47.63099],[7.05344,47.63095],[7.05304,47.63088],[7.05267,47.63081],[7.05233,47.63074],[7.05199,47.63066],[7.05166,47.63057],[7.05135,47.63049],[7.05105,47.6304],[7.05069,47.63028],[7.05039,47.63018],[7.05014,47.63009],[7.04986,47.62998],[7.04957,47.62986],[7.04925,47.62972],[7.04907,47.62965],[7.04883,47.62953],[7.04839,47.62932],[7.04758,47.62891],[7.04693,47.62858],[7.04639,47.62831],[7.04594,47.62809],[7.04534,47.62778],[7.04449,47.62735],[7.0436,47.6269],[7.04301,47.62661],[7.04241,47.6263],[7.04195,47.62607],[7.04067,47.62542],[7.03991,47.62504],[7.03861,47.62438],[7.03783,47.62399],[7.03728,47.62371],[7.03675,47.62344],[7.03622,47.62317],[7.03498,47.62254],[7.03411,47.6221],[7.03273,47.6214],[7.03148,47.62077],[7.02995,47.62],[7.02903,47.61954],[7.02833,47.61919],[7.02683,47.6184],[7.02623,47.61809],[7.02556,47.61775],[7.02484,47.61739],[7.02443,47.61719],[7.02403,47.61699],[7.02347,47.61671],[7.02296,47.61644],[7.0222,47.61606],[7.02154,47.61575],[7.02113,47.61555],[7.02054,47.61525],[7.02025,47.61511],[7.01986,47.61491],[7.01977,47.61487],[7.01963,47.6148],[7.0194,47.61469],[7.01913,47.61457],[7.01882,47.61442],[7.01853,47.6143],[7.01833,47.61421],[7.01813,47.61413],[7.01787,47.61402],[7.01754,47.61389],[7.0172,47.61375],[7.01682,47.61361],[7.01653,47.61351],[7.01622,47.6134],[7.01583,47.61327],[7.01538,47.61312],[7.01512,47.61304],[7.01482,47.61295],[7.01447,47.61285],[7.01417,47.61276],[7.01386,47.61268],[7.01351,47.61259],[7.01319,47.61251],[7.01281,47.61242],[7.01223,47.61229],[7.01195,47.61223],[7.01155,47.61215],[7.01127,47.61209],[7.01097,47.61203],[7.0106,47.61197],[7.01021,47.6119],[7.01009,47.61188],[7.00977,47.61183],[7.00944,47.61178],[7.00888,47.61171],[7.00817,47.61162],[7.00723,47.61152],[7.00696,47.61149],[7.00609,47.61139],[7.00586,47.61137],[7.00484,47.61125],[7.0034,47.61109],[7.00139,47.61087],[7.00001,47.61071],[6.99837,47.61053],[6.99587,47.61024],[6.99474,47.61011],[6.99316,47.60994],[6.99099,47.60969],[6.98989,47.60957],[6.98878,47.60946],[6.98835,47.60942],[6.98818,47.6094],[6.98792,47.60938],[6.98724,47.60933],[6.98664,47.6093],[6.98629,47.60929],[6.98592,47.60928],[6.98537,47.60928],[6.98486,47.60929],[6.98447,47.6093],[6.98399,47.60933],[6.98352,47.60936],[6.98294,47.60941],[6.98254,47.60945],[6.9821,47.6095],[6.98167,47.60956],[6.98126,47.60961],[6.98084,47.60968],[6.9804,47.60976],[6.97998,47.60984],[6.97943,47.60995],[6.97896,47.61006],[6.97849,47.61018],[6.97818,47.61026],[6.97791,47.61034],[6.9775,47.61046],[6.97707,47.61059],[6.97663,47.61074],[6.97628,47.61086],[6.97584,47.61102],[6.97505,47.61132],[6.97505,47.61132],[6.97381,47.61177],[6.9735,47.61189],[6.9735,47.61189],[6.97238,47.61229],[6.97136,47.61264],[6.97057,47.61292],[6.96996,47.61314],[6.96953,47.61329],[6.96869,47.61358],[6.96777,47.61391],[6.96732,47.61405],[6.96722,47.61409],[6.96676,47.61423],[6.96651,47.61429],[6.96618,47.61438],[6.96588,47.61445],[6.96551,47.61454],[6.96524,47.6146],[6.96484,47.61466],[6.96456,47.61471],[6.96425,47.61475],[6.96394,47.61479],[6.96359,47.61483],[6.96319,47.61486],[6.96279,47.61489],[6.96243,47.6149],[6.96213,47.61491],[6.9618,47.61491],[6.96145,47.61491],[6.96113,47.6149],[6.96079,47.61489],[6.96051,47.61487],[6.96016,47.61484],[6.96,47.61482],[6.95973,47.6148],[6.95938,47.61475],[6.95895,47.61469],[6.95867,47.61464],[6.95843,47.6146],[6.95809,47.61453],[6.9577,47.61444],[6.95735,47.61436],[6.95707,47.61428],[6.95675,47.61419],[6.95644,47.6141],[6.95613,47.61399],[6.95568,47.61383],[6.95539,47.61372],[6.95508,47.61359],[6.95471,47.61342],[6.95434,47.61325],[6.95405,47.6131],[6.95382,47.61297],[6.95357,47.61282],[6.95332,47.61267],[6.95303,47.61249],[6.95278,47.61232],[6.95257,47.61217],[6.95234,47.61199],[6.95215,47.61184],[6.95197,47.61168],[6.95177,47.61151],[6.95161,47.61137],[6.95146,47.61122],[6.95132,47.61107],[6.95118,47.61093],[6.95104,47.61078],[6.9509,47.61062],[6.95077,47.61045],[6.95059,47.61021],[6.9504,47.60994],[6.9503,47.60979],[6.95017,47.60958],[6.95005,47.60937],[6.94996,47.60919],[6.94987,47.609],[6.94978,47.60882],[6.94971,47.60864],[6.94957,47.60832],[6.94943,47.60796],[6.94936,47.60778],[6.94928,47.60758],[6.9492,47.6074],[6.94913,47.60722],[6.94904,47.60704],[6.94895,47.60684],[6.94887,47.60668],[6.94871,47.60641],[6.94857,47.60618],[6.94842,47.60595],[6.94834,47.60583],[6.94825,47.60572],[6.9482,47.60566],[6.94807,47.60549],[6.94794,47.60533],[6.9478,47.60517],[6.94768,47.60503],[6.9475,47.60486],[6.94736,47.60472],[6.94722,47.60458],[6.94707,47.60445],[6.94691,47.6043],[6.94672,47.60413],[6.94656,47.60401],[6.94637,47.60385],[6.94616,47.60369],[6.94591,47.60351],[6.94569,47.60334],[6.94542,47.60316],[6.94513,47.60294],[6.94486,47.60276],[6.94486,47.60276],[6.9445,47.60252],[6.94235,47.60112],[6.94143,47.60053],[6.94057,47.6],[6.94014,47.59973],[6.93955,47.59939],[6.93901,47.59908],[6.93845,47.59876],[6.93784,47.59842],[6.93722,47.59809],[6.93666,47.5978],[6.93559,47.59726],[6.93503,47.59698],[6.93421,47.5966],[6.93337,47.59621],[6.93272,47.59593],[6.93229,47.59574],[6.93171,47.5955],[6.93073,47.5951],[6.92941,47.59459],[6.92872,47.59434],[6.92803,47.59409],[6.92731,47.59384],[6.92657,47.59359],[6.92582,47.59335],[6.9251,47.59312],[6.92425,47.59287],[6.92372,47.59272],[6.92313,47.59255],[6.92246,47.59236],[6.92165,47.59215],[6.92086,47.59194],[6.92,47.59172],[6.91856,47.59134],[6.91769,47.59112],[6.91764,47.5911],[6.91558,47.59056],[6.91527,47.59048],[6.91416,47.59019],[6.91303,47.58989],[6.91232,47.5897],[6.91106,47.58936],[6.91008,47.5891],[6.91008,47.5891],[6.90627,47.58806],[6.90505,47.58773],[6.90329,47.58726],[6.90153,47.5868],[6.90042,47.58651],[6.89933,47.58623],[6.89836,47.58598],[6.89758,47.58578],[6.89636,47.58546],[6.89555,47.58526],[6.89439,47.58495],[6.89161,47.58422],[6.88867,47.58348],[6.88606,47.58283],[6.88452,47.58245],[6.88296,47.58206],[6.88043,47.58143],[6.87883,47.58104],[6.8711,47.57902],[6.87049,47.57887],[6.8694,47.57858],[6.86833,47.57829],[6.86634,47.57773],[6.86602,47.57763],[6.86593,47.57761],[6.86545,47.57747],[6.86444,47.57717],[6.86298,47.57673],[6.86004,47.5758],[6.85851,47.5753],[6.85697,47.57477],[6.85602,47.57444],[6.85506,47.5741],[6.85353,47.57354],[6.85221,47.57305],[6.85101,47.57259],[6.84908,47.57184],[6.84797,47.5714],[6.84606,47.57064],[6.84356,47.56966],[6.84083,47.56858],[6.83967,47.56812],[6.83794,47.56745],[6.83666,47.56697],[6.8354,47.56652],[6.83445,47.56619],[6.83348,47.56586],[6.83252,47.56555],[6.83156,47.56525],[6.83055,47.56495],[6.83004,47.5648],[6.8296,47.56467],[6.82946,47.56463],[6.82846,47.56435],[6.82797,47.56422],[6.82723,47.56403],[6.82656,47.56386],[6.82652,47.56385],[6.82496,47.56347],[6.82378,47.5632],[6.82124,47.56267],[6.82011,47.56245],[6.81896,47.56224],[6.81839,47.56214],[6.81781,47.56204],[6.81705,47.56192],[6.81619,47.56179],[6.8155,47.56168],[6.81542,47.56167],[6.81399,47.56148],[6.81233,47.56127],[6.81112,47.56114],[6.80977,47.56101],[6.80893,47.56093],[6.80815,47.56087],[6.80745,47.56082],[6.80675,47.56077],[6.8055,47.5607],[6.80404,47.56062],[6.8021,47.56054],[6.80202,47.56054],[6.80099,47.56049],[6.79754,47.56035],[6.79531,47.56026],[6.79037,47.56005],[6.78887,47.55999],[6.7851,47.55984],[6.78213,47.55971],[6.78062,47.55962],[6.77915,47.55956],[6.77766,47.5595],[6.77616,47.55944],[6.7742,47.55937],[6.77248,47.55931],[6.76589,47.55904],[6.76277,47.55891],[6.76052,47.55881],[6.75351,47.55852],[6.75058,47.55841],[6.74765,47.55828],[6.73149,47.5576],[6.72413,47.55729],[6.71999,47.55712],[6.71983,47.55711],[6.71975,47.55711],[6.71847,47.55706],[6.7169,47.557],[6.71463,47.55693],[6.70951,47.55681],[6.70726,47.55675],[6.70484,47.5567],[6.70088,47.55661],[6.69706,47.55652],[6.68961,47.55635],[6.68767,47.5563],[6.68452,47.55621],[6.6819,47.55611],[6.66879,47.55522],[6.65601,47.55422],[6.6536,47.55396],[6.64905,47.55346],[6.64644,47.55316],[6.64587,47.5531],[6.6445,47.55296],[6.64361,47.55286],[6.64274,47.55277],[6.64185,47.55268],[6.64099,47.5526],[6.64093,47.55259],[6.64011,47.55252],[6.63923,47.55245],[6.63752,47.55231],[6.63528,47.55215],[6.63298,47.55198],[6.62961,47.55174],[6.6285,47.55165],[6.62729,47.55156],[6.6257,47.55142],[6.62474,47.55133],[6.62315,47.55118],[6.62186,47.55104],[6.62086,47.55093],[6.61884,47.55068],[6.6177,47.55053],[6.61655,47.55037],[6.61083,47.54957],[6.60501,47.54877],[6.6005,47.54814],[6.59922,47.54796],[6.59706,47.54766],[6.59613,47.54754],[6.59519,47.54743],[6.59429,47.54732],[6.59352,47.54724],[6.59272,47.54716],[6.59191,47.54708],[6.59097,47.547],[6.59006,47.54692],[6.58875,47.54683],[6.58865,47.54683],[6.58764,47.54677],[6.58587,47.54668],[6.58507,47.54665],[6.58404,47.54662],[6.58306,47.5466],[6.58206,47.54658],[6.58119,47.54657],[6.57967,47.54658],[6.57869,47.54659],[6.57794,47.54661],[6.57707,47.54663],[6.57693,47.54664],[6.57458,47.54673],[6.5745,47.54673],[6.57342,47.54678],[6.56884,47.54702],[6.56549,47.5472],[6.5643,47.54726],[6.56422,47.54726],[6.56305,47.54732],[6.5629,47.54733],[6.55987,47.54745],[6.55877,47.54749],[6.55863,47.54749],[6.5571,47.54755],[6.55382,47.54762],[6.55054,47.54767],[6.54399,47.54774],[6.54199,47.54778],[6.53999,47.54782],[6.538,47.54788],[6.53599,47.54794],[6.5325,47.54808],[6.53238,47.54809],[6.53093,47.54816],[6.52797,47.5483],[6.5237,47.54852],[6.52159,47.54863],[6.51948,47.54874],[6.51833,47.54879],[6.51724,47.54884],[6.51508,47.54891],[6.5139,47.54893],[6.51278,47.54894],[6.51085,47.54893],[6.50987,47.54892],[6.50892,47.5489],[6.5074,47.54885],[6.50635,47.5488],[6.505,47.54873],[6.50383,47.54865],[6.50267,47.54856],[6.50142,47.54846],[6.49979,47.54831],[6.49961,47.54829],[6.49915,47.54824],[6.49748,47.54805],[6.49741,47.54804],[6.49626,47.54789],[6.49473,47.54768],[6.49298,47.54741],[6.49214,47.54727],[6.49092,47.54706],[6.48974,47.54684],[6.48782,47.54645],[6.48697,47.54627],[6.48581,47.54602],[6.48572,47.546],[6.48491,47.54581],[6.4834,47.54544],[6.48186,47.54504],[6.48055,47.54468],[6.47941,47.54436],[6.47808,47.54396],[6.47716,47.54367],[6.47593,47.54328],[6.4752,47.54303],[6.47432,47.54273],[6.47376,47.54253],[6.47294,47.54224],[6.47194,47.54187],[6.47107,47.54154],[6.4702,47.54119],[6.46902,47.54072],[6.46751,47.54008],[6.46582,47.53936],[6.46344,47.53833],[6.46243,47.5379],[6.46144,47.53747],[6.45829,47.53611],[6.45619,47.5352],[6.45455,47.53449],[6.45325,47.53393],[6.45215,47.53346],[6.45215,47.53346],[6.4502,47.53262],[6.44898,47.53209],[6.4478,47.53158],[6.44644,47.531],[6.44466,47.53023],[6.44357,47.52975],[6.44284,47.52944],[6.44142,47.52883],[6.43932,47.52792],[6.43872,47.52766],[6.43756,47.52717],[6.43641,47.52669],[6.43403,47.52573],[6.43118,47.52466],[6.42999,47.52423],[6.42879,47.52382],[6.42623,47.52297],[6.42479,47.52251],[6.42327,47.52205],[6.42125,47.52145],[6.41848,47.52063],[6.41833,47.52059],[6.4177,47.5204],[6.41634,47.52],[6.41492,47.51958],[6.41426,47.51939],[6.4136,47.51919],[6.41252,47.51886],[6.41162,47.51857],[6.41053,47.51821],[6.40964,47.51791],[6.40802,47.51736],[6.40737,47.51714],[6.40624,47.51675],[6.4051,47.51634],[6.40414,47.51599],[6.40322,47.51563],[6.40168,47.51502],[6.40058,47.51458],[6.3995,47.51414],[6.39829,47.51364],[6.39763,47.51336],[6.39753,47.51332],[6.39658,47.51291],[6.39545,47.51241],[6.3947,47.51207],[6.39303,47.51131],[6.3922,47.51092],[6.39137,47.51052],[6.39019,47.50996],[6.38775,47.50878],[6.38598,47.50793],[6.38531,47.5076],[6.37966,47.5049],[6.37899,47.50458],[6.37808,47.50417],[6.37731,47.50382],[6.37655,47.50349],[6.3759,47.50322],[6.37482,47.50277],[6.37401,47.50244],[6.37317,47.50211],[6.37221,47.50175],[6.37171,47.50156],[6.37121,47.50138],[6.37021,47.50102],[6.3693,47.50071],[6.36852,47.50044],[6.36844,47.50042],[6.36798,47.50027],[6.36666,47.49984],[6.36603,47.49965],[6.36539,47.49945],[6.36475,47.49927],[6.36411,47.49908],[6.36346,47.4989],[6.36281,47.49873],[6.36215,47.49855],[6.36151,47.49838],[6.3602,47.49806],[6.35953,47.49789],[6.35888,47.49775],[6.35753,47.49745],[6.35684,47.4973],[6.35615,47.49715],[6.35493,47.49691],[6.35375,47.49668],[6.35304,47.49655],[6.35226,47.49641],[6.35082,47.49618],[6.35009,47.49606],[6.34934,47.49595],[6.34855,47.49584],[6.34779,47.49574],[6.34707,47.49565],[6.34635,47.49556],[6.34563,47.49548],[6.34492,47.4954],[6.3441,47.49531],[6.3433,47.49524],[6.3425,47.49516],[6.34169,47.4951],[6.34065,47.49502],[6.33961,47.49495],[6.33857,47.49489],[6.33754,47.49484],[6.33622,47.49478],[6.33534,47.49475],[6.3341,47.49473],[6.33286,47.49471],[6.33175,47.49471],[6.33066,47.49472],[6.33061,47.49472],[6.32958,47.49474],[6.32863,47.49476],[6.32615,47.49485],[6.32483,47.49492],[6.32287,47.49505],[6.32153,47.49516],[6.31967,47.49531],[6.31738,47.49551],[6.3165,47.49559],[6.31509,47.49571],[6.31382,47.49581],[6.31302,47.49588],[6.31209,47.49595],[6.31115,47.49602],[6.31022,47.49608],[6.30929,47.49613],[6.30836,47.49618],[6.30826,47.49618],[6.30724,47.49622],[6.30625,47.49625],[6.30536,47.49626],[6.30425,47.49627],[6.30334,47.49627],[6.30254,47.49627],[6.30173,47.49626],[6.30112,47.49625],[6.30048,47.49623],[6.29922,47.49618],[6.29775,47.49611],[6.29673,47.49605],[6.29615,47.49601],[6.2961,47.496],[6.29549,47.49596],[6.29425,47.49585],[6.29259,47.4957],[6.29133,47.49556],[6.29008,47.49541],[6.28871,47.49523],[6.28738,47.49503],[6.28609,47.49482],[6.28599,47.49481],[6.28522,47.49468],[6.28445,47.49454],[6.28363,47.49438],[6.28259,47.49418],[6.28188,47.49403],[6.28151,47.49395],[6.2812,47.49388],[6.28021,47.49366],[6.27917,47.49342],[6.27772,47.49306],[6.27686,47.49284],[6.27585,47.49257],[6.27391,47.492],[6.27285,47.49168],[6.2718,47.49135],[6.27019,47.4908],[6.26892,47.49035],[6.26826,47.49011],[6.26698,47.48962],[6.2657,47.48911],[6.26419,47.48848],[6.2636,47.48822],[6.263,47.48795],[6.26233,47.48765],[6.26125,47.48714],[6.26117,47.4871],[6.26046,47.48676],[6.25998,47.48652],[6.2595,47.48627],[6.25898,47.48601],[6.25846,47.48574],[6.25794,47.48546],[6.25743,47.48518],[6.25691,47.4849],[6.25641,47.48461],[6.25591,47.48433],[6.25562,47.48416],[6.25552,47.4841],[6.25522,47.48392],[6.25492,47.48374],[6.25469,47.48361],[6.25444,47.48345],[6.25422,47.48331],[6.25395,47.48315],[6.25352,47.48287],[6.25308,47.48259],[6.25264,47.48231],[6.25217,47.482],[6.25171,47.48169],[6.25124,47.48138],[6.25078,47.48105],[6.25033,47.48074],[6.24987,47.48041],[6.24943,47.48008],[6.24899,47.47975],[6.24855,47.47942],[6.24812,47.47908],[6.24772,47.47878],[6.24733,47.47847],[6.24695,47.47816],[6.24656,47.47786],[6.24617,47.47754],[6.24596,47.47737],[6.24579,47.47723],[6.24536,47.47689],[6.24494,47.47655],[6.24451,47.47621],[6.24405,47.47584],[6.24359,47.47548],[6.24313,47.4751],[6.24267,47.47473],[6.24225,47.47439],[6.24186,47.47408],[6.24147,47.47377],[6.24105,47.47343],[6.24062,47.47309],[6.2402,47.47276],[6.23998,47.47258],[6.23989,47.47251],[6.23935,47.4721],[6.23892,47.47177],[6.23848,47.47143],[6.23803,47.4711],[6.23759,47.47078],[6.23713,47.47046],[6.23668,47.47014],[6.23621,47.46981],[6.23575,47.46949],[6.23528,47.46918],[6.23481,47.46887],[6.23433,47.46856],[6.2339,47.46828],[6.23347,47.46801],[6.23303,47.46773],[6.23259,47.46746],[6.23236,47.46732],[6.23209,47.46716],[6.2316,47.46687],[6.2311,47.46658],[6.23061,47.46629],[6.23011,47.466],[6.2296,47.46572],[6.22908,47.46544],[6.22862,47.46519],[6.22816,47.46494],[6.22768,47.46469],[6.2272,47.46444],[6.22668,47.46417],[6.22614,47.46391],[6.22561,47.46364],[6.22513,47.46341],[6.22454,47.46313],[6.224,47.46288],[6.22345,47.46263],[6.22291,47.46238],[6.22236,47.46213],[6.22186,47.46191],[6.22135,47.46169],[6.22085,47.46148],[6.22028,47.46124],[6.21973,47.46102],[6.21916,47.46079],[6.2186,47.46056],[6.21798,47.46032],[6.21746,47.46012],[6.21687,47.4599],[6.21631,47.4597],[6.21572,47.45949],[6.21539,47.45937],[6.21508,47.45926],[6.21472,47.45913],[6.21438,47.45901],[6.21392,47.45885],[6.21348,47.45871],[6.21273,47.45847],[6.21214,47.45828],[6.21155,47.4581],[6.21104,47.45794],[6.21059,47.45781],[6.21002,47.45764],[6.20971,47.45755],[6.20962,47.45752],[6.20878,47.45728],[6.20658,47.45667],[6.20585,47.45647],[6.20447,47.45609],[6.20259,47.45558],[6.20026,47.45492],[6.19448,47.45332],[6.19392,47.45316],[6.18857,47.45168],[6.18688,47.45121],[6.18505,47.4507],[6.18347,47.45027],[6.18223,47.44992],[6.1808,47.44953],[6.17931,47.44912],[6.17873,47.44896],[6.17863,47.44893],[6.17384,47.4476],[6.17243,47.44722],[6.17135,47.44692],[6.17077,47.44676],[6.16957,47.44645],[6.16785,47.44599],[6.16778,47.44597],[6.1648,47.44521],[6.16189,47.44448],[6.16163,47.44442],[6.16007,47.44404],[6.15602,47.44308],[6.14941,47.44151],[6.14927,47.44148],[6.14707,47.44096],[6.14582,47.44066],[6.14236,47.43984],[6.1408,47.43946],[6.13909,47.43903],[6.13831,47.43884],[6.13636,47.43832],[6.13428,47.43776],[6.13379,47.43762],[6.13374,47.43761],[6.13143,47.43695],[6.13001,47.43654],[6.12861,47.43612],[6.1272,47.43569],[6.1262,47.43538],[6.12539,47.43512],[6.12429,47.43477],[6.12299,47.43434],[6.12175,47.43393],[6.12094,47.43366],[6.11926,47.43308],[6.1175,47.43246],[6.11573,47.43182],[6.11358,47.43102],[6.11144,47.4302],[6.11045,47.42981],[6.10944,47.42941],[6.10935,47.42937],[6.10923,47.42933],[6.10828,47.42894],[6.10704,47.42843],[6.10543,47.42776],[6.10527,47.42769],[6.10481,47.4275],[6.10265,47.42656],[6.10084,47.42575],[6.09887,47.42485],[6.09734,47.42413],[6.09675,47.42385],[6.09513,47.42307],[6.09342,47.42222],[6.0926,47.42181],[6.09117,47.42107],[6.08953,47.42018],[6.08806,47.41935],[6.088,47.41931],[6.08694,47.41869],[6.08557,47.41783],[6.0842,47.41694],[6.08302,47.41615],[6.08295,47.4161],[6.08228,47.41563],[6.081,47.41471],[6.07976,47.41377],[6.07859,47.41284],[6.07785,47.41224],[6.07745,47.41191],[6.0769,47.41143],[6.07636,47.41096],[6.07582,47.41048],[6.07527,47.40999],[6.07453,47.40931],[6.07419,47.40899],[6.07383,47.40863],[6.07324,47.40802],[6.07285,47.40761],[6.07246,47.40721],[6.07211,47.40685],[6.07163,47.40632],[6.07117,47.40582],[6.07053,47.40508],[6.06986,47.40429],[6.06903,47.40326],[6.06853,47.40263],[6.06806,47.402],[6.06773,47.40156],[6.06629,47.39962],[6.06576,47.39891],[6.06502,47.39792],[6.06427,47.3969],[6.06379,47.39623],[6.06279,47.39488],[6.06179,47.39353],[6.06114,47.39266],[6.06061,47.39193],[6.05915,47.38997],[6.05827,47.38878],[6.05823,47.38872],[6.05711,47.3872],[6.05607,47.38579],[6.05518,47.38459],[6.05492,47.38424],[6.05492,47.38424],[6.05419,47.38324],[6.05324,47.38195],[6.0526,47.3811],[6.05221,47.38057],[6.05093,47.37883],[6.05066,47.37845],[6.0497,47.37716],[6.04915,47.37643],[6.04876,47.37592],[6.04836,47.3754],[6.04777,47.37466],[6.04721,47.37399],[6.04677,47.37348],[6.04631,47.37296],[6.04535,47.37191],[6.0453,47.37185],[6.04462,47.37114],[6.04402,47.37053],[6.04283,47.36937],[6.04212,47.3687],[6.04131,47.36797],[6.04048,47.36725],[6.04007,47.36689],[6.03964,47.36654],[6.03878,47.36583],[6.03745,47.3648],[6.03609,47.36378],[6.03514,47.36311],[6.03266,47.36137],[6.031,47.3602],[6.02926,47.35898],[6.02841,47.35839],[6.02775,47.35793],[6.02723,47.35755],[6.02619,47.35681],[6.0247,47.35576],[6.02464,47.35572],[6.02333,47.35479],[6.02285,47.35444],[6.02277,47.35439],[6.02209,47.35388],[6.02134,47.35331],[6.02114,47.35315],[6.02107,47.3531],[6.02033,47.35254],[6.01977,47.35209],[6.01916,47.35159],[6.01861,47.35113],[6.01784,47.35046],[6.01741,47.35008],[6.01666,47.34939],[6.01613,47.34889],[6.01563,47.34841],[6.01486,47.34765],[6.01447,47.34725],[6.01388,47.34662],[6.01313,47.34582],[6.01248,47.34509],[6.0122,47.34476],[6.01181,47.34429],[6.01173,47.3442],[6.01079,47.34309],[6.01045,47.34268],[6.00893,47.34087],[6.00889,47.34082],[6.0082,47.33999],[6.00751,47.33916],[6.00742,47.33905],[6.00713,47.33872],[6.00658,47.33806],[6.0058,47.33712],[6.0055,47.33676],[6.0055,47.33676],[6.00473,47.33584],[6.00292,47.33367],[6.00258,47.33328],[6.00225,47.33289],[6.00154,47.3321],[6.00122,47.33175],[6.00089,47.3314],[6.00023,47.33069],[5.99977,47.33022],[5.99929,47.32976],[5.99881,47.32929],[5.99835,47.32885],[5.99797,47.32849],[5.99757,47.32813],[5.99717,47.32778],[5.99679,47.32744],[5.996,47.32676],[5.99518,47.32609],[5.99443,47.32549],[5.99385,47.32504],[5.99311,47.32449],[5.99237,47.32394],[5.99182,47.32355],[5.99126,47.32315],[5.99072,47.32279],[5.99018,47.32242],[5.9896,47.32205],[5.98901,47.32167],[5.98844,47.32131],[5.98783,47.32093],[5.98738,47.32066],[5.98694,47.3204],[5.98611,47.31992],[5.98572,47.3197],[5.98533,47.31948],[5.9845,47.31902],[5.98363,47.31856],[5.98314,47.31831],[5.98263,47.31805],[5.98161,47.31755],[5.98151,47.3175],[5.98118,47.31734],[5.98072,47.31712],[5.98039,47.31697],[5.98034,47.31694],[5.97987,47.31672],[5.97885,47.31626],[5.97821,47.31599],[5.97755,47.31571],[5.97681,47.3154],[5.97611,47.31511],[5.97555,47.31489],[5.9746,47.31452],[5.97378,47.31422],[5.97333,47.31406],[5.97288,47.31389],[5.9722,47.31366],[5.97162,47.31346],[5.97106,47.31327],[5.97064,47.31313],[5.9706,47.31312],[5.96992,47.3129],[5.96878,47.31254],[5.96762,47.31219],[5.96621,47.31176],[5.96524,47.31147],[5.96511,47.31143],[5.96493,47.31137],[5.96493,47.31137],[5.96285,47.31075],[5.96233,47.31059],[5.96129,47.31028],[5.9602,47.30995],[5.95963,47.30978],[5.95928,47.30967],[5.958,47.30929],[5.95642,47.30881],[5.95295,47.30776],[5.95263,47.30767],[5.95157,47.30735],[5.95035,47.30698],[5.94896,47.30655],[5.94721,47.30602],[5.94643,47.30579],[5.94563,47.30555],[5.94554,47.30553],[5.945,47.30536],[5.94378,47.305],[5.94256,47.30462],[5.94119,47.30421],[5.93986,47.30381],[5.93976,47.30378],[5.93869,47.30346],[5.93783,47.3032],[5.93779,47.30319],[5.9376,47.30313],[5.93754,47.30311],[5.93575,47.30261],[5.93481,47.30235],[5.93386,47.3021],[5.93258,47.30178],[5.93194,47.30162],[5.93131,47.30147],[5.93057,47.3013],[5.92982,47.30113],[5.92886,47.30091],[5.92764,47.30065],[5.9261,47.30035],[5.92485,47.30011],[5.92416,47.29998],[5.91768,47.29876],[5.9155,47.29834],[5.9155,47.29834],[5.91463,47.29817],[5.91374,47.298],[5.91192,47.29766],[5.91056,47.29742],[5.90923,47.29717],[5.9082,47.29697],[5.90696,47.29674],[5.90551,47.29646],[5.90301,47.29599],[5.90124,47.29563],[5.8995,47.29526],[5.89847,47.29502],[5.89739,47.29476],[5.89653,47.29455],[5.89529,47.29423],[5.89522,47.29421],[5.89266,47.29352],[5.89021,47.29284],[5.89004,47.2928],[5.889,47.29251],[5.8863,47.29177],[5.88472,47.29133],[5.88044,47.29016],[5.87942,47.28989],[5.87816,47.28956],[5.87738,47.28936],[5.87637,47.28912],[5.87548,47.28891],[5.87541,47.2889],[5.87441,47.28867],[5.8734,47.28845],[5.87249,47.28826],[5.87153,47.28807],[5.87095,47.28796],[5.87029,47.28783],[5.86964,47.28771],[5.86896,47.28759],[5.8681,47.28744],[5.86765,47.28736],[5.8672,47.28729],[5.86632,47.28715],[5.86548,47.28702],[5.86431,47.28685],[5.86372,47.28677],[5.86313,47.28669],[5.86161,47.2865],[5.86049,47.28637],[5.85927,47.28624],[5.85788,47.2861],[5.85628,47.28595],[5.8542,47.28577],[5.85356,47.28572],[5.85346,47.28571],[5.85275,47.28565],[5.85095,47.28549],[5.84844,47.28527],[5.84349,47.28483],[5.84185,47.28469],[5.84056,47.28459],[5.83923,47.2845],[5.83808,47.28443],[5.83734,47.28439],[5.83663,47.28436],[5.83556,47.28432],[5.83479,47.28429],[5.83412,47.28427],[5.83336,47.28426],[5.83229,47.28423],[5.82956,47.28418],[5.82718,47.28414],[5.8254,47.2841],[5.82362,47.28406],[5.82165,47.28401],[5.82032,47.28395],[5.81923,47.28389],[5.81842,47.28384],[5.81765,47.28379],[5.81674,47.28372],[5.81557,47.28363],[5.81471,47.28355],[5.8138,47.28346],[5.81316,47.28339],[5.81255,47.28332],[5.81231,47.28329],[5.81146,47.28319],[5.81082,47.28311],[5.8097,47.28296],[5.80847,47.28279],[5.8073,47.28261],[5.80625,47.28244],[5.80507,47.28223],[5.80404,47.28204],[5.803,47.28184],[5.80178,47.28159],[5.80067,47.28135],[5.79953,47.28109],[5.79839,47.28082],[5.79692,47.28045],[5.79592,47.28019],[5.79522,47.28],[5.79393,47.27964],[5.79282,47.27931],[5.79207,47.27908],[5.7914,47.27887],[5.79041,47.27856],[5.78951,47.27826],[5.78892,47.27805],[5.78775,47.27764],[5.78687,47.27733],[5.78601,47.277],[5.78487,47.27656],[5.78381,47.27614],[5.78264,47.27565],[5.78159,47.2752],[5.7806,47.27477],[5.77979,47.2744],[5.779,47.27402],[5.7785,47.27379],[5.77802,47.27355],[5.77705,47.27307],[5.7764,47.27274],[5.7751,47.27206],[5.77307,47.27098],[5.77109,47.26991],[5.76929,47.26894],[5.76789,47.26819],[5.76678,47.26761],[5.76591,47.26715],[5.76583,47.26711],[5.76472,47.26656],[5.7642,47.26631],[5.76366,47.26605],[5.76286,47.26568],[5.76215,47.26536],[5.76173,47.26518],[5.76132,47.265],[5.76065,47.26471],[5.76022,47.26453],[5.75976,47.26434],[5.7592,47.26411],[5.75867,47.2639],[5.75754,47.26346],[5.7565,47.26308],[5.75599,47.2629],[5.75534,47.26267],[5.75427,47.2623],[5.75294,47.26187],[5.75177,47.26151],[5.75078,47.26121],[5.74967,47.2609],[5.74849,47.26058],[5.74753,47.26033],[5.74682,47.26015],[5.74677,47.26014],[5.74615,47.25999],[5.74548,47.25983],[5.74479,47.25967],[5.74382,47.25946],[5.74289,47.25927],[5.74161,47.25902],[5.74069,47.25885],[5.73972,47.25868],[5.73845,47.25847],[5.7378,47.25836],[5.73653,47.25818],[5.73541,47.25804],[5.73478,47.25796],[5.73412,47.25788],[5.73349,47.25781],[5.73342,47.2578],[5.73268,47.25772],[5.73167,47.25762],[5.73159,47.25762],[5.7308,47.25755],[5.73,47.25748],[5.72932,47.25743],[5.72864,47.25739],[5.72796,47.25735],[5.72726,47.25731],[5.72663,47.25728],[5.72601,47.25725],[5.72466,47.25721],[5.72335,47.25718],[5.72135,47.25716],[5.71981,47.25715],[5.71844,47.25714],[5.71658,47.25712],[5.716,47.25712],[5.71362,47.25709],[5.71167,47.25706],[5.71035,47.25702],[5.7095,47.25699],[5.70945,47.25699],[5.70866,47.25695],[5.70805,47.25692],[5.70687,47.25685],[5.7057,47.25677],[5.70451,47.25667],[5.70336,47.25657],[5.70253,47.25649],[5.70073,47.25629],[5.6994,47.25613],[5.6985,47.25601],[5.69844,47.25601],[5.69749,47.25587],[5.69613,47.25567],[5.69487,47.25546],[5.69362,47.25525],[5.69203,47.25495],[5.69044,47.25463],[5.68919,47.25436],[5.68746,47.25397],[5.68609,47.25364],[5.68471,47.2533],[5.68195,47.25262],[5.67963,47.25205],[5.6765,47.25128],[5.67558,47.25105],[5.67471,47.25084],[5.67058,47.24982],[5.66359,47.2481],[5.66349,47.24808],[5.66159,47.24761],[5.65727,47.24655],[5.65609,47.24626],[5.65602,47.24624],[5.65453,47.24587],[5.65453,47.24587],[5.65226,47.24531],[5.65102,47.24501],[5.64919,47.24456],[5.64678,47.24396],[5.64503,47.24353],[5.64405,47.24329],[5.64285,47.24299],[5.64126,47.2426],[5.63895,47.24203],[5.63823,47.24186],[5.63816,47.24184],[5.63724,47.24161],[5.63581,47.24126],[5.63232,47.2404],[5.63133,47.24015],[5.62959,47.23972],[5.62789,47.23932],[5.6271,47.23914],[5.62637,47.23897],[5.62512,47.2387],[5.62391,47.23846],[5.62288,47.23826],[5.62201,47.2381],[5.62081,47.2379],[5.61994,47.23776],[5.61884,47.23759],[5.61876,47.23758],[5.61725,47.23737],[5.61651,47.23727],[5.61578,47.23718],[5.61496,47.23708],[5.61432,47.23701],[5.61333,47.23691],[5.61256,47.23684],[5.61149,47.23675],[5.61067,47.23669],[5.60988,47.23663],[5.60888,47.23657],[5.60774,47.23651],[5.60693,47.23647],[5.606,47.23644],[5.60496,47.23641],[5.60384,47.23639],[5.60236,47.23638],[5.60103,47.23639],[5.5997,47.23641],[5.59853,47.23644],[5.59731,47.23649],[5.59659,47.23652],[5.59591,47.23656],[5.5951,47.23661],[5.5943,47.23666],[5.59311,47.23675],[5.59187,47.23686],[5.59105,47.23694],[5.58968,47.23708],[5.58875,47.23719],[5.5887,47.23719],[5.58739,47.23735],[5.58117,47.23812],[5.5811,47.23813],[5.57944,47.23833],[5.57939,47.23834],[5.57717,47.23861],[5.57703,47.23863],[5.57216,47.23923],[5.57073,47.2394],[5.56952,47.23953],[5.56873,47.23961],[5.56797,47.23969],[5.56665,47.2398],[5.56537,47.2399],[5.56433,47.23997],[5.56354,47.24001],[5.56263,47.24006],[5.56162,47.2401],[5.5607,47.24013],[5.55983,47.24016],[5.55897,47.24018],[5.55765,47.24019],[5.55672,47.24019],[5.55581,47.24019],[5.55506,47.24018],[5.5534,47.24014],[5.55207,47.2401],[5.5509,47.24005],[5.54996,47.24],[5.54926,47.23996],[5.54841,47.2399],[5.54745,47.23983],[5.54663,47.23976],[5.54518,47.23962],[5.54331,47.23942],[5.542,47.23927],[5.54071,47.23911],[5.53944,47.23892],[5.53815,47.23872],[5.53629,47.23841],[5.53533,47.23823],[5.53438,47.23806],[5.53311,47.23781],[5.53164,47.23751],[5.52999,47.23717],[5.52801,47.23676],[5.52665,47.23648],[5.52501,47.23615],[5.52374,47.23589],[5.52311,47.23576],[5.52158,47.23544],[5.52063,47.23525],[5.51787,47.23468],[5.51658,47.23441],[5.51487,47.23406],[5.51242,47.23356],[5.50685,47.23241],[5.50284,47.23158],[5.49686,47.23036],[5.4941,47.22979],[5.49114,47.22918],[5.48817,47.22856],[5.48522,47.22796],[5.48209,47.22731],[5.47888,47.22665],[5.47658,47.22618],[5.47591,47.22604],[5.4745,47.22575],[5.47303,47.22545],[5.47009,47.22484],[5.46815,47.22444],[5.4669,47.22419],[5.4657,47.22395],[5.46507,47.22382],[5.46443,47.2237],[5.46317,47.22348],[5.46251,47.22337],[5.46187,47.22327],[5.46116,47.22316],[5.46041,47.22304],[5.45883,47.22282],[5.45811,47.22272],[5.45737,47.22263],[5.4563,47.22251],[5.45523,47.2224],[5.45422,47.2223],[5.45343,47.22223],[5.45263,47.22217],[5.45198,47.22212],[5.45132,47.22208],[5.45029,47.22201],[5.4493,47.22196],[5.44826,47.22192],[5.44712,47.22188],[5.44602,47.22186],[5.4449,47.22184],[5.44377,47.22184],[5.44257,47.22185],[5.44138,47.22186],[5.44019,47.2219],[5.43902,47.22194],[5.43768,47.22201],[5.43611,47.2221],[5.43542,47.22216],[5.43537,47.22216],[5.43432,47.22224],[5.43328,47.22233],[5.43188,47.22246],[5.42833,47.22281],[5.42478,47.22315],[5.4208,47.22354],[5.4162,47.22399],[5.41375,47.22423],[5.41245,47.22435],[5.41026,47.22456],[5.40812,47.22476],[5.40723,47.22484],[5.40633,47.22491],[5.40543,47.22497],[5.40452,47.22503],[5.40362,47.22508],[5.40271,47.22513],[5.40173,47.22516],[5.40057,47.2252],[5.39955,47.22521],[5.39775,47.22523],[5.39628,47.22522],[5.39553,47.22521],[5.39452,47.22518],[5.39382,47.22516],[5.39297,47.22513],[5.39218,47.22509],[5.39084,47.22502],[5.38938,47.22492],[5.38795,47.22481],[5.38693,47.22472],[5.38592,47.22462],[5.38463,47.22448],[5.38346,47.22434],[5.38293,47.22427],[5.38217,47.22417],[5.38131,47.22405],[5.38002,47.22386],[5.37885,47.22367],[5.37683,47.22332],[5.37495,47.22298],[5.3732,47.22266],[5.37001,47.22208],[5.3665,47.22145],[5.36517,47.2212],[5.36412,47.22101],[5.36298,47.2208],[5.3615,47.22054],[5.36009,47.22028],[5.35867,47.22002],[5.35741,47.21977],[5.35601,47.21949],[5.35596,47.21948],[5.3552,47.21933],[5.35378,47.21905],[5.3529,47.21887],[5.35178,47.21865],[5.35112,47.21852],[5.35107,47.21851],[5.35056,47.21842],[5.34713,47.21777],[5.34605,47.21757],[5.34432,47.21726],[5.34012,47.21648],[5.33935,47.21634],[5.33814,47.21611],[5.33692,47.21588],[5.33595,47.21569],[5.335,47.21548],[5.33415,47.21528],[5.33365,47.21516],[5.3331,47.21503],[5.33215,47.21478],[5.33136,47.21456],[5.33037,47.21427],[5.32937,47.21396],[5.32854,47.21371],[5.32822,47.21361],[5.32793,47.21353],[5.32731,47.21334],[5.32673,47.21318],[5.3261,47.21302],[5.32579,47.21294],[5.3253,47.21282],[5.32479,47.2127],[5.32427,47.21259],[5.32372,47.21248],[5.32293,47.21234],[5.32216,47.21222],[5.32168,47.21215],[5.32121,47.21209],[5.32068,47.21202],[5.32014,47.21197],[5.31973,47.21193],[5.31931,47.21189],[5.31888,47.21186],[5.31845,47.21183],[5.31807,47.21182],[5.3177,47.2118],[5.31711,47.21178],[5.31649,47.21177],[5.31631,47.21177],[5.3159,47.21177],[5.31569,47.21177],[5.31551,47.21177],[5.31504,47.21178],[5.31459,47.21179],[5.31415,47.21181],[5.31368,47.21183],[5.31319,47.21187],[5.31272,47.2119],[5.31227,47.21194],[5.31193,47.21197],[5.3116,47.21201],[5.31127,47.21205],[5.31059,47.21213],[5.31003,47.21221],[5.30948,47.2123],[5.30894,47.21238],[5.3084,47.21248],[5.30755,47.21263],[5.30746,47.21265],[5.30661,47.21281],[5.30572,47.21298],[5.30485,47.21314],[5.30373,47.21335],[5.30317,47.21345],[5.30259,47.21355],[5.3019,47.21366],[5.30152,47.21372],[5.30103,47.21379],[5.30033,47.21389],[5.30033,47.21389],[5.29747,47.21425],[5.29657,47.21436],[5.29651,47.21437],[5.29445,47.21463],[5.28976,47.21523],[5.28963,47.21524],[5.28422,47.21593],[5.28168,47.21625],[5.27979,47.21648],[5.27903,47.21658],[5.27767,47.21677],[5.27713,47.21686],[5.27667,47.21694],[5.27623,47.21702],[5.27558,47.21716],[5.27515,47.21726],[5.27474,47.21736],[5.27394,47.21756],[5.27346,47.21769],[5.273,47.21782],[5.27256,47.21796],[5.27197,47.21815],[5.27139,47.21835],[5.27067,47.21862],[5.27025,47.21879],[5.26985,47.21895],[5.26946,47.21912],[5.26909,47.21929],[5.26853,47.21955],[5.26784,47.21989],[5.26706,47.22031],[5.26535,47.22126],[5.26422,47.22189],[5.2615,47.22342],[5.25883,47.22491],[5.25629,47.22633],[5.25461,47.22727],[5.25257,47.22841],[5.25154,47.22899],[5.25047,47.22958],[5.25024,47.22971],[5.25005,47.22982],[5.24999,47.22985],[5.24941,47.23018],[5.24199,47.23433],[5.23897,47.23602],[5.23825,47.23642],[5.23799,47.23656],[5.23799,47.23656],[5.23166,47.2401],[5.22712,47.24264],[5.22706,47.24268],[5.22706,47.24268],[5.22528,47.24367],[5.2246,47.24405],[5.22406,47.24435],[5.22381,47.24449],[5.22378,47.24451],[5.22316,47.24486],[5.22316,47.24486],[5.22112,47.246],[5.21954,47.24688],[5.2186,47.24741],[5.21774,47.24789],[5.21604,47.24885],[5.21481,47.24953],[5.211,47.25166],[5.21021,47.2521],[5.21009,47.25217],[5.20958,47.25245],[5.20905,47.25273],[5.20853,47.25299],[5.20813,47.25318],[5.20751,47.25346],[5.20693,47.2537],[5.20651,47.25388],[5.2061,47.25404],[5.2055,47.25426],[5.20489,47.25448],[5.20452,47.2546],[5.20384,47.25482],[5.20229,47.25528],[5.20152,47.25551],[5.20062,47.25577],[5.19793,47.25656],[5.19585,47.25717],[5.19517,47.25737],[5.19485,47.25746],[5.19312,47.25798],[5.18722,47.25971],[5.18569,47.26016],[5.17398,47.26361],[5.17391,47.26363],[5.17117,47.26443],[5.17004,47.26477],[5.16586,47.26598],[5.16109,47.26738],[5.16102,47.2674],[5.15471,47.26924],[5.14873,47.27097],[5.14669,47.27156],[5.14463,47.27216],[5.14269,47.27271],[5.14215,47.27287],[5.14163,47.27302],[5.13705,47.27434],[5.13476,47.275],[5.13321,47.27544],[5.13206,47.27576],[5.13035,47.27624],[5.12865,47.27671],[5.12686,47.27721],[5.1258,47.27751],[5.12243,47.27845],[5.11924,47.27934],[5.11286,47.28111],[5.11158,47.28147],[5.11083,47.28168],[5.10366,47.28368],[5.09987,47.28473],[5.09755,47.28538],[5.09536,47.28599],[5.09471,47.28616],[5.09403,47.28632],[5.09319,47.28649],[5.09271,47.28659],[5.09222,47.28667],[5.09098,47.28687],[5.08161,47.28837],[5.08154,47.28838],[5.07412,47.28956],[5.06198,47.2915],[5.0607,47.29171],[5.0607,47.29171],[5.04919,47.29355],[5.04759,47.29381],[5.04751,47.29382],[5.04711,47.29388],[5.04711,47.29388],[5.04638,47.294],[5.04408,47.29437],[5.04339,47.29448],[5.04296,47.29456],[5.04253,47.29465],[5.04217,47.29473],[5.04183,47.29481],[5.04153,47.2949],[5.04124,47.29498],[5.04087,47.29509],[5.04053,47.29521],[5.04016,47.29534],[5.03981,47.29548],[5.0395,47.29561],[5.03924,47.29572],[5.03894,47.29587],[5.03869,47.296],[5.03842,47.29615],[5.03812,47.29633],[5.03788,47.29648],[5.03766,47.29663],[5.03744,47.29679],[5.03723,47.29694],[5.03691,47.29719],[5.03675,47.29732],[5.03659,47.29746],[5.03639,47.29765],[5.03621,47.29783],[5.03606,47.29799],[5.03593,47.29814],[5.03582,47.29828],[5.03569,47.29845],[5.03551,47.29871],[5.03535,47.29898],[5.0352,47.29923],[5.03487,47.29981],[5.03446,47.30052],[5.03428,47.30084],[5.03405,47.30123],[5.03359,47.30203],[5.03206,47.30472],[5.03189,47.30501],[5.03175,47.3053],[5.03168,47.30548],[5.03159,47.3057],[5.03153,47.30588],[5.03147,47.30608],[5.03143,47.30623],[5.0314,47.30637],[5.0314,47.30637],[5.03135,47.30667],[5.03132,47.30687],[5.03131,47.30702],[5.03131,47.30711],[5.0313,47.30744],[5.03131,47.3077],[5.03133,47.30791],[5.03134,47.30803],[5.03138,47.30837],[5.0314,47.3085],[5.03143,47.30867],[5.03147,47.30889],[5.03155,47.30925],[5.0316,47.30944],[5.03175,47.31001],[5.03185,47.31039],[5.03194,47.31078],[5.03205,47.31129],[5.03207,47.31138],[5.03216,47.31183],[5.03217,47.31191],[5.03222,47.31222],[5.03234,47.31296],[5.0324,47.31345],[5.03242,47.31369],[5.03243,47.31394],[5.03243,47.31413],[5.03243,47.31433],[5.03242,47.31449],[5.03241,47.3146],[5.03236,47.31502],[5.03229,47.31549],[5.03224,47.31578],[5.03221,47.31595],[5.03206,47.3168],[5.03198,47.31724],[5.03192,47.31762],[5.03186,47.3179],[5.03178,47.31836],[5.03177,47.31868],[5.03172,47.31906],[5.03172,47.31906],[5.0317,47.31913],[5.03164,47.31945],[5.03158,47.31968],[5.03156,47.31975],[5.03151,47.31992],[5.03142,47.32015],[5.03137,47.32027],[5.03137,47.32027],[5.03121,47.32056],[5.03111,47.32073],[5.03099,47.32091],[5.03096,47.32095],[5.03096,47.32095],[5.03083,47.32113],[5.03073,47.32128],[5.03054,47.32149],[5.03038,47.32165],[5.03036,47.32168],[5.03036,47.32168],[5.0302,47.3218],[5.03006,47.3219],[5.02986,47.32202],[5.02977,47.32208],[5.02966,47.32214],[5.02942,47.32226],[5.0292,47.32236],[5.02899,47.32245],[5.02881,47.32251],[5.02854,47.3226],[5.0283,47.32267],[5.02808,47.32272],[5.02808,47.32272],[5.02808,47.32272],[5.02803,47.32274],[5.02774,47.3228],[5.02746,47.32286],[5.02703,47.32293],[5.02695,47.32294],[5.02653,47.323],[5.02631,47.32303],[5.02597,47.32306],[5.02561,47.3231],[5.02528,47.32313],[5.02481,47.32316],[5.02447,47.32317],[5.02417,47.32318],[5.02386,47.32318],[5.02353,47.32318],[5.02307,47.32317],[5.0229,47.32316],[5.02273,47.32315],[5.02259,47.32314],[5.02248,47.32313],[5.02225,47.3231],[5.02225,47.3231],[5.02261,47.32316],[5.02279,47.32318],[5.02298,47.32321],[5.02311,47.32322],[5.0233,47.32324],[5.02355,47.32325],[5.02377,47.32326],[5.0241,47.32327],[5.02436,47.32327],[5.02459,47.32326],[5.02486,47.32325],[5.0251,47.32324],[5.02534,47.32323],[5.02585,47.32318],[5.02608,47.32316],[5.02634,47.32313],[5.02698,47.32304],[5.02734,47.32298],[5.02769,47.32292],[5.02793,47.32287],[5.02814,47.32281],[5.02835,47.32275],[5.02859,47.32268],[5.02881,47.32259],[5.02898,47.32253],[5.02911,47.32247],[5.02916,47.32245],[5.02933,47.32237],[5.02952,47.32228],[5.02962,47.32222],[5.02971,47.32217],[5.02979,47.32212],[5.02988,47.32206],[5.03005,47.32193],[5.03036,47.32168],[5.03038,47.32165],[5.03038,47.32165],[5.03053,47.32153],[5.03072,47.32134],[5.03081,47.32123],[5.03092,47.32109],[5.03103,47.32093],[5.03103,47.32093],[5.03137,47.32027],[5.03137,47.32027],[5.03142,47.32015],[5.03151,47.31992],[5.03156,47.31975],[5.03158,47.31968],[5.03164,47.31945],[5.0317,47.31913],[5.03172,47.31906],[5.03172,47.31906],[5.03177,47.31891],[5.03183,47.3187],[5.03183,47.3187],[5.03194,47.31838],[5.03198,47.31821],[5.03202,47.31796],[5.03202,47.31796],[5.03203,47.31765],[5.03208,47.31732],[5.03211,47.31717],[5.03211,47.31717],[5.03215,47.31692],[5.0322,47.31666],[5.03226,47.31635],[5.03233,47.31597],[5.03236,47.31579],[5.0324,47.31557],[5.03244,47.31537],[5.03248,47.31513],[5.03252,47.31489],[5.03254,47.31474],[5.03256,47.3146],[5.03258,47.31445],[5.03259,47.3143],[5.0326,47.31416],[5.03261,47.31387],[5.0326,47.3137],[5.03259,47.31347],[5.03257,47.31334],[5.03257,47.31326],[5.03255,47.31318],[5.03254,47.31309],[5.03251,47.31292],[5.03243,47.31256],[5.0324,47.31244],[5.03237,47.31235],[5.03235,47.31227],[5.03233,47.31221],[5.03231,47.31213],[5.03228,47.31204],[5.03223,47.3119],[5.03218,47.31178],[5.0321,47.31157],[5.03202,47.31141],[5.03194,47.31121],[5.03189,47.31109],[5.03184,47.31098],[5.0318,47.31089],[5.03176,47.31079],[5.03171,47.31066],[5.03167,47.31054],[5.03162,47.31042],[5.0316,47.31032],[5.03157,47.31023],[5.03153,47.31011],[5.03151,47.31001],[5.03143,47.30966],[5.03138,47.30943],[5.03124,47.30868],[5.0312,47.3085],[5.03104,47.30766],[5.03096,47.30733],[5.03096,47.30733],[5.03087,47.30694],[5.03077,47.30657],[5.03065,47.30623],[5.0305,47.30582],[5.03039,47.30557],[5.03024,47.30521],[5.02992,47.30452],[5.02984,47.30435],[5.02952,47.30362],[5.02936,47.30317],[5.02913,47.30241],[5.02776,47.29717],[5.02763,47.29652],[5.02755,47.29568],[5.02749,47.29504],[5.02746,47.29475],[5.02743,47.29448],[5.02733,47.29391],[5.02721,47.29318],[5.02708,47.29247],[5.02703,47.29218],[5.02698,47.2919],[5.02694,47.29168],[5.02689,47.29144],[5.02682,47.29114],[5.02675,47.29086],[5.02669,47.29059],[5.0265,47.28995],[5.02633,47.28941],[5.02617,47.28884],[5.02458,47.28275],[5.02289,47.27622],[5.02147,47.27087],[5.02112,47.2698],[5.02029,47.26771],[5.01977,47.26651],[5.01836,47.26382],[5.01565,47.25869],[5.01505,47.25763],[5.01232,47.25243],[5.01071,47.24939],[5.01017,47.24841],[5.00953,47.24717],[5.00679,47.24201],[5.00543,47.23945],[5.00534,47.23927],[5.0017,47.23243],[5.00048,47.23011],[5.00019,47.22957],[4.99951,47.22828],[4.9991,47.22751],[4.99872,47.22681],[4.99872,47.22681],[4.99841,47.22622],[4.99811,47.22566],[4.99802,47.22549],[4.99746,47.22444],[4.99702,47.2236],[4.99643,47.2225],[4.99568,47.22109],[4.99457,47.21895],[4.99373,47.21735],[4.99287,47.21575],[4.99235,47.21476],[4.99178,47.21368],[4.99122,47.21263],[4.99065,47.21156],[4.99018,47.21066],[4.98961,47.20958],[4.98904,47.20852],[4.98847,47.20745],[4.98791,47.20638],[4.98679,47.20426],[4.98571,47.20223],[4.98459,47.2001],[4.98345,47.19797],[4.98262,47.19638],[4.98122,47.19371],[4.98043,47.19222],[4.97987,47.19115],[4.97906,47.18964],[4.97854,47.18868],[4.97777,47.18722],[4.97689,47.18556],[4.97576,47.18342],[4.97434,47.18078],[4.97353,47.17924],[4.9727,47.17764],[4.97228,47.17684],[4.97197,47.17624],[4.9716,47.17555],[4.97092,47.17425],[4.97048,47.17342],[4.97033,47.17313],[4.97006,47.1726],[4.96981,47.17214],[4.96903,47.17061],[4.96829,47.169],[4.96761,47.16736],[4.96705,47.1658],[4.96686,47.16523],[4.96669,47.16468],[4.96653,47.16413],[4.96622,47.16301],[4.96594,47.1619],[4.96568,47.16077],[4.96561,47.16048],[4.96544,47.15975],[4.96507,47.15806],[4.96455,47.15582],[4.96398,47.1533],[4.96392,47.15305],[4.96371,47.15207],[4.9635,47.15107],[4.96313,47.14942],[4.9629,47.14829],[4.962,47.14442],[4.96153,47.1424],[4.9613,47.14139],[4.96103,47.14041],[4.96085,47.13972],[4.96069,47.13916],[4.96051,47.1386],[4.96035,47.13814],[4.96018,47.13765],[4.95995,47.13706],[4.95976,47.1366],[4.95952,47.13603],[4.95931,47.13558],[4.95905,47.13501],[4.95873,47.13439],[4.95845,47.13387],[4.95816,47.13336],[4.95772,47.1326],[4.9574,47.13209],[4.95693,47.13138],[4.95667,47.13098],[4.95639,47.1306],[4.956,47.13007],[4.95561,47.12955],[4.9555,47.12941],[4.95514,47.12896],[4.95476,47.1285],[4.95385,47.12743],[4.95364,47.12718],[4.95337,47.12687],[4.95337,47.12687],[4.95286,47.12627],[4.95254,47.12589],[4.95199,47.12525],[4.95199,47.12525],[4.95147,47.12463],[4.95119,47.12429],[4.95077,47.12381],[4.95035,47.12331],[4.9499,47.12279],[4.94952,47.12233],[4.94908,47.12181],[4.94869,47.12134],[4.9481,47.12066],[4.94776,47.12026],[4.94737,47.11981],[4.94678,47.11911],[4.94607,47.11827],[4.94557,47.11769],[4.9452,47.11725],[4.94367,47.11544],[4.94355,47.11529],[4.94345,47.11518],[4.94272,47.11433],[4.94219,47.11369],[4.94155,47.11295],[4.94033,47.1115],[4.93923,47.11021],[4.93918,47.11015],[4.93822,47.10901],[4.93738,47.10803],[4.93658,47.10705],[4.93579,47.10616],[4.93573,47.10609],[4.93497,47.10518],[4.93413,47.10418],[4.9334,47.10333],[4.9333,47.10321],[4.93324,47.10314],[4.93205,47.10173],[4.93121,47.10075],[4.93038,47.09976],[4.92955,47.09879],[4.92914,47.0983],[4.9286,47.09768],[4.92842,47.09746],[4.92796,47.09692],[4.92713,47.09594],[4.92592,47.09451],[4.92509,47.09353],[4.92425,47.09255],[4.92342,47.09157],[4.92233,47.09028],[4.92158,47.0894],[4.92109,47.08881],[4.92065,47.08828],[4.92001,47.08754],[4.9188,47.08611],[4.91821,47.08542],[4.91713,47.08414],[4.9169,47.08387],[4.91653,47.08343],[4.91602,47.08283],[4.91582,47.0826],[4.91534,47.08204],[4.91492,47.08156],[4.91447,47.08108],[4.91402,47.08061],[4.91354,47.08015],[4.91305,47.07968],[4.91258,47.07926],[4.91203,47.07879],[4.9115,47.07835],[4.90998,47.07714],[4.90869,47.07613],[4.90704,47.07484],[4.90222,47.07102],[4.90061,47.06975],[4.89896,47.06845],[4.89733,47.06717],[4.89625,47.0663],[4.89516,47.06545],[4.89355,47.06416],[4.8924,47.06327],[4.89216,47.06309],[4.89134,47.06245],[4.89029,47.06159],[4.88922,47.06073],[4.88813,47.05988],[4.88713,47.05909],[4.88621,47.05835],[4.88421,47.05675],[4.88311,47.05589],[4.88254,47.05545],[4.882,47.05503],[4.8811,47.05428],[4.8795,47.05299],[4.87839,47.05214],[4.87785,47.0517],[4.87732,47.05126],[4.87628,47.05037],[4.87529,47.04948],[4.8748,47.04902],[4.87438,47.04857],[4.87392,47.04812],[4.87332,47.04753],[4.87258,47.04675],[4.87169,47.04582],[4.87078,47.04486],[4.87032,47.04439],[4.86987,47.0439],[4.86896,47.04296],[4.86851,47.04248],[4.86793,47.04188],[4.86722,47.04116],[4.86593,47.03981],[4.86456,47.03839],[4.86424,47.03806],[4.86329,47.03706],[4.86211,47.03583],[4.86201,47.03573],[4.86124,47.03493],[4.86062,47.03431],[4.85979,47.03351],[4.85884,47.0326],[4.85788,47.03168],[4.8569,47.03075],[4.85608,47.02995],[4.85508,47.02899],[4.85448,47.02842],[4.85406,47.02801],[4.85406,47.02801],[4.8532,47.02719],[4.85267,47.02668],[4.85245,47.02647],[4.85174,47.02576],[4.85134,47.02536],[4.85055,47.02462],[4.84957,47.02368],[4.84871,47.02284],[4.84734,47.02153],[4.84729,47.02148],[4.84634,47.02058],[4.84589,47.02014],[4.84564,47.0199],[4.84537,47.01964],[4.84482,47.01911],[4.84466,47.01896],[4.84441,47.01872],[4.84417,47.01849],[4.84392,47.01825],[4.84339,47.01773],[4.84308,47.01742],[4.84264,47.01698],[4.84215,47.01648],[4.84137,47.01568],[4.84137,47.01568],[4.84078,47.01508],[4.84042,47.01471],[4.84002,47.01431],[4.83895,47.0132],[4.83618,47.01038],[4.82988,47.00399],[4.82968,47.00378],[4.82942,47.00352],[4.82867,47.00276],[4.82784,47.00191],[4.82752,47.0016],[4.82699,47.00106],[4.82657,47.00063],[4.82615,47.0002],[4.82559,46.99964],[4.8249,46.99894],[4.82399,46.99801],[4.82336,46.99737],[4.82254,46.99653],[4.82225,46.99624],[4.82175,46.99573],[4.82159,46.99557],[4.82112,46.9951],[4.82008,46.99404],[4.81983,46.99378],[4.81977,46.99372],[4.81555,46.98944],[4.81349,46.98734],[4.8121,46.98594],[4.81024,46.98407],[4.80932,46.98314],[4.80847,46.98222],[4.80707,46.98079],[4.80607,46.97979],[4.80531,46.97902],[4.80392,46.97761],[4.80306,46.97674],[4.8026,46.97626],[4.8017,46.97536],[4.80079,46.97441],[4.79941,46.97301],[4.7993,46.9729],[4.79857,46.97216],[4.79832,46.97192],[4.79766,46.97123],[4.79685,46.9704],[4.79631,46.96985],[4.7955,46.96902],[4.79548,46.969],[4.79433,46.96782],[4.79362,46.96711],[4.79294,46.96641],[4.79214,46.9656],[4.79089,46.96433],[4.79045,46.96389],[4.78874,46.96215],[4.78735,46.96074],[4.78573,46.95909],[4.78467,46.95802],[4.78389,46.9572],[4.783,46.95624],[4.78182,46.95491],[4.78098,46.95391],[4.7802,46.95293],[4.77902,46.95141],[4.77798,46.95005],[4.77721,46.94905],[4.77613,46.94765],[4.7746,46.94565],[4.77311,46.94371],[4.77195,46.9422],[4.77007,46.93975],[4.76753,46.93644],[4.76705,46.93581],[4.766,46.93444],[4.7659,46.93431],[4.76518,46.93338],[4.76444,46.93241],[4.76416,46.93205],[4.76416,46.93205],[4.76364,46.93136],[4.76364,46.93136],[4.76265,46.93007],[4.7621,46.92935],[4.7619,46.92909],[4.7619,46.92909],[4.76138,46.92841],[4.761,46.92791],[4.76024,46.92691],[4.75969,46.9262],[4.75958,46.92605],[4.75832,46.92439],[4.75755,46.92339],[4.75702,46.92269],[4.7569,46.92253],[4.75643,46.92192],[4.75612,46.92152],[4.75572,46.92103],[4.7549,46.92005],[4.75403,46.91908],[4.75319,46.91819],[4.75295,46.91794],[4.75233,46.91734],[4.75218,46.91719],[4.75194,46.91697],[4.75179,46.91684],[4.75125,46.91634],[4.75089,46.91598],[4.75052,46.9156],[4.75002,46.91503],[4.74961,46.91444],[4.74929,46.91389],[4.74915,46.91359],[4.74902,46.91331],[4.74892,46.91306],[4.74889,46.91298],[4.7488,46.91271],[4.74872,46.91244],[4.74865,46.91214],[4.74858,46.91185],[4.74853,46.91156],[4.74852,46.91146],[4.74851,46.9111],[4.74851,46.91101],[4.74851,46.91076],[4.74851,46.9105],[4.74853,46.91018],[4.74857,46.9099],[4.74865,46.90948],[4.74874,46.90909],[4.74879,46.90893],[4.74879,46.90893],[4.74885,46.90872],[4.74889,46.90862],[4.749,46.9083],[4.7491,46.90802],[4.74935,46.90742],[4.74989,46.9062],[4.75044,46.90497],[4.75056,46.90469],[4.75093,46.90386],[4.751,46.90373],[4.75111,46.90346],[4.75126,46.9031],[4.75137,46.90288],[4.75164,46.90216],[4.75192,46.90151],[4.75202,46.90128],[4.7532,46.89853],[4.75925,46.88441],[4.76096,46.88041],[4.76131,46.87958],[4.76282,46.8761],[4.76288,46.87596],[4.76373,46.87398],[4.7638,46.87385],[4.76574,46.86935],[4.7659,46.86898],[4.77021,46.85895],[4.77044,46.85844],[4.7711,46.85717],[4.77187,46.85582],[4.77268,46.85451],[4.77351,46.85334],[4.7742,46.85243],[4.77503,46.8514],[4.7767,46.84952],[4.77677,46.84944],[4.7797,46.84618],[4.77986,46.846],[4.79058,46.83402],[4.79084,46.83373],[4.7918,46.83267],[4.79261,46.83178],[4.79345,46.83085],[4.79423,46.83001],[4.79521,46.82895],[4.79596,46.82811],[4.79724,46.82667],[4.79761,46.82621],[4.79804,46.82573],[4.79831,46.82542],[4.7992,46.82442],[4.7995,46.82408],[4.79962,46.82394],[4.80022,46.82328],[4.80055,46.82291],[4.80087,46.82255],[4.8012,46.82219],[4.80153,46.82183],[4.80186,46.82148],[4.80218,46.82112],[4.8025,46.82076],[4.8027,46.82055],[4.80387,46.81921],[4.80463,46.81835],[4.80537,46.81754],[4.80564,46.81723],[4.80616,46.81665],[4.80665,46.8161],[4.80681,46.81592],[4.80722,46.81546],[4.80798,46.81461],[4.80885,46.81364],[4.80959,46.81282],[4.80991,46.81246],[4.81085,46.81141],[4.81161,46.81056],[4.81225,46.80984],[4.81312,46.80888],[4.81393,46.80797],[4.8146,46.80722],[4.81471,46.8071],[4.81495,46.80682],[4.81529,46.80644],[4.81537,46.80636],[4.81564,46.80606],[4.81591,46.80577],[4.8234,46.79739],[4.82372,46.79704],[4.82543,46.79513],[4.82714,46.79322],[4.82745,46.79287],[4.82761,46.7927],[4.82941,46.79067],[4.82951,46.79057],[4.83135,46.78853],[4.83185,46.788],[4.83224,46.78759],[4.83259,46.78725],[4.83292,46.78697],[4.83346,46.78654],[4.83415,46.78607],[4.83469,46.78576],[4.83523,46.78549],[4.83586,46.78521],[4.83622,46.78504],[4.83658,46.7849],[4.83778,46.78445],[4.8378,46.78445],[4.8378,46.78445],[4.8382,46.78429],[4.83876,46.78408],[4.83915,46.78393],[4.83915,46.78393],[4.84038,46.78339],[4.84102,46.78303],[4.84156,46.78268],[4.8418,46.7825],[4.84203,46.78233],[4.84243,46.78199],[4.84253,46.7819],[4.84265,46.78178],[4.84287,46.78156],[4.84298,46.78143],[4.84314,46.78124],[4.84329,46.78106],[4.84342,46.78089],[4.84359,46.78064],[4.84367,46.78051],[4.84374,46.78038],[4.84386,46.78016],[4.84398,46.77994],[4.84406,46.77973],[4.84416,46.77947],[4.84423,46.77925],[4.84428,46.77907],[4.84434,46.77879],[4.84438,46.77856],[4.8444,46.77837],[4.84442,46.77823],[4.84443,46.77799],[4.84443,46.77789],[4.84443,46.77771],[4.8444,46.77746],[4.84438,46.77724],[4.84433,46.77696],[4.84429,46.7768],[4.84422,46.77649],[4.84419,46.77635],[4.84416,46.77625],[4.84416,46.77625],[4.84408,46.77599],[4.84399,46.77575],[4.84398,46.77572],[4.84398,46.77572],[4.84382,46.77532],[4.84364,46.77494],[4.84346,46.77454],[4.84335,46.77436],[4.84318,46.77404],[4.84299,46.77371],[4.8427,46.77324],[4.84248,46.77289],[4.84226,46.77256],[4.84182,46.77189],[4.84166,46.77163],[4.84147,46.77128],[4.84135,46.77106],[4.84124,46.7708],[4.84114,46.77055],[4.84104,46.77027],[4.84097,46.77004],[4.8409,46.76979],[4.84082,46.76947],[4.84075,46.76912],[4.84067,46.76877],[4.84059,46.76846],[4.84051,46.7682],[4.84043,46.76799],[4.84036,46.7678],[4.84031,46.7677],[4.84025,46.76758],[4.84016,46.7674],[4.8401,46.76728],[4.84001,46.76712],[4.83994,46.76701],[4.83985,46.76688],[4.83976,46.76674],[4.83967,46.76661],[4.83963,46.76654],[4.83944,46.76629],[4.83873,46.76535],[4.83825,46.76472],[4.83825,46.76472],[4.83778,46.76409],[4.83743,46.76364],[4.83711,46.7632],[4.83693,46.76294],[4.83673,46.76262],[4.83655,46.76231],[4.83644,46.76209],[4.83633,46.76187],[4.83621,46.76159],[4.83611,46.76132],[4.83602,46.76103],[4.83597,46.76084],[4.83592,46.76065],[4.83586,46.76039],[4.83581,46.76013],[4.83579,46.75989],[4.83577,46.75965],[4.83575,46.75946],[4.83575,46.75929],[4.83575,46.75926],[4.83576,46.75904],[4.83576,46.75879],[4.83578,46.75861],[4.83581,46.75837],[4.83585,46.75811],[4.83595,46.75768],[4.83604,46.75734],[4.83624,46.75679],[4.83626,46.75674],[4.83656,46.75599],[4.83692,46.7551],[4.83701,46.75488],[4.83728,46.75422],[4.83782,46.75289],[4.83786,46.7528],[4.83808,46.75224],[4.83824,46.75185],[4.83858,46.75105],[4.8387,46.75075],[4.83903,46.74995],[4.83936,46.74914],[4.83945,46.74893],[4.83964,46.74854],[4.84,46.74785],[4.84029,46.74737],[4.84064,46.74686],[4.84083,46.74659],[4.84133,46.74593],[4.84162,46.74554],[4.84178,46.74535],[4.84209,46.74495],[4.84237,46.74459],[4.84258,46.74433],[4.84304,46.74374],[4.84365,46.74295],[4.84423,46.7422],[4.84428,46.74214],[4.84462,46.74171],[4.84497,46.74126],[4.84537,46.74075],[4.84556,46.74051],[4.84574,46.74027],[4.84604,46.73989],[4.84721,46.7384],[4.84971,46.73521],[4.84976,46.73516],[4.85026,46.73452],[4.85055,46.73413],[4.85221,46.73201],[4.85254,46.7316],[4.853,46.73101],[4.85337,46.73055],[4.85384,46.72995],[4.85433,46.72932],[4.85476,46.72878],[4.85522,46.7282],[4.85547,46.72788],[4.85563,46.72768],[4.85622,46.72692],[4.85642,46.72667],[4.85646,46.72663],[4.85694,46.72601],[4.85742,46.72541],[4.85745,46.72536],[4.85764,46.72513],[4.85783,46.72489],[4.85855,46.72392],[4.85887,46.72346],[4.85929,46.72277],[4.85961,46.7222],[4.86028,46.72075],[4.86427,46.71165],[4.86455,46.71095],[4.86474,46.71045],[4.86486,46.71007],[4.86496,46.70967],[4.86514,46.70901],[4.86534,46.70776],[4.86841,46.68507],[4.86847,46.68463],[4.86862,46.68357],[4.86867,46.68315],[4.86868,46.6831],[4.86878,46.68234],[4.8688,46.68223],[4.86902,46.68055],[4.86904,46.68042],[4.86917,46.67949],[4.86917,46.67943],[4.86928,46.67864],[4.8693,46.67851],[4.86943,46.6775],[4.86944,46.67743],[4.86964,46.67595],[4.86968,46.67569],[4.86975,46.67519],[4.86979,46.67487],[4.8698,46.67483],[4.87002,46.67318],[4.87024,46.67151],[4.87069,46.66822],[4.87126,46.66399],[4.87196,46.65884],[4.87263,46.65381],[4.87281,46.65253],[4.87295,46.65147],[4.87305,46.65071],[4.87315,46.64997],[4.87329,46.64896],[4.87333,46.64867],[4.87333,46.64867],[4.87342,46.64794],[4.87355,46.6471],[4.87363,46.64649],[4.87363,46.64645],[4.87366,46.64626],[4.87375,46.64553],[4.87383,46.64493],[4.87386,46.64463],[4.87394,46.64406],[4.874,46.6437],[4.87409,46.64303],[4.87419,46.64226],[4.87431,46.64155],[4.87443,46.641],[4.87445,46.64089],[4.87454,46.64055],[4.87462,46.64028],[4.87469,46.64006],[4.87495,46.63935],[4.87507,46.63902],[4.87512,46.63892],[4.87512,46.63892],[4.87519,46.63875],[4.87529,46.63854],[4.87546,46.63816],[4.87563,46.63782],[4.87585,46.63741],[4.87587,46.63739],[4.87618,46.63688],[4.87632,46.63665],[4.87655,46.6363],[4.87691,46.6358],[4.87725,46.63535],[4.87756,46.63497],[4.87782,46.63467],[4.87809,46.63436],[4.87832,46.63412],[4.87855,46.63387],[4.87878,46.63364],[4.87903,46.6334],[4.87938,46.63308],[4.87974,46.63276],[4.88048,46.63213],[4.88132,46.63142],[4.88219,46.63069],[4.88289,46.6301],[4.88394,46.62923],[4.88494,46.62838],[4.88602,46.62747],[4.88653,46.62704],[4.88705,46.6266],[4.88811,46.62571],[4.88857,46.62532],[4.88904,46.62493],[4.89008,46.62406],[4.8906,46.62362],[4.89112,46.62319],[4.89165,46.62274],[4.89218,46.6223],[4.8927,46.62185],[4.89323,46.62141],[4.89427,46.62054],[4.90175,46.61423],[4.9061,46.61056],[4.90653,46.61019],[4.90694,46.60981],[4.90728,46.60949],[4.90762,46.60915],[4.90768,46.60908],[4.908,46.60873],[4.90816,46.60856],[4.90831,46.60839],[4.90864,46.608],[4.90895,46.60761],[4.90899,46.60755],[4.90924,46.60722],[4.90946,46.60689],[4.90969,46.60655],[4.9099,46.60621],[4.91017,46.60576],[4.91042,46.6053],[4.91061,46.60492],[4.9108,46.60451],[4.91108,46.60385],[4.91132,46.60319],[4.9115,46.60258],[4.91159,46.60227],[4.91168,46.6019],[4.91178,46.60136],[4.91186,46.6009],[4.91191,46.60046],[4.91196,46.5999],[4.91198,46.59958],[4.91197,46.59921],[4.91196,46.59877],[4.91194,46.59834],[4.91192,46.59791],[4.91188,46.59749],[4.91168,46.59639],[4.91156,46.59592],[4.91139,46.59535],[4.91122,46.59482],[4.91073,46.59361],[4.91047,46.59298],[4.91029,46.59255],[4.91011,46.59212],[4.90936,46.59032],[4.90935,46.59029],[4.90924,46.59002],[4.90916,46.58982],[4.90903,46.5895],[4.90888,46.58913],[4.90849,46.58823],[4.90763,46.5861],[4.90754,46.5859],[4.90672,46.58389],[4.90589,46.58188],[4.90569,46.58133],[4.90554,46.58077],[4.90539,46.58021],[4.90535,46.58],[4.90535,46.58],[4.90531,46.57981],[4.90527,46.57962],[4.90523,46.5794],[4.90518,46.57899],[4.90513,46.57854],[4.90509,46.57798],[4.90507,46.57741],[4.90507,46.57684],[4.90511,46.57626],[4.90517,46.57571],[4.90525,46.57515],[4.90532,46.57459],[4.90541,46.57403],[4.90549,46.57346],[4.90565,46.57233],[4.90572,46.57176],[4.90582,46.57107],[4.90584,46.57097],[4.90586,46.57071],[4.90589,46.57057],[4.90589,46.57057],[4.90599,46.56987],[4.90601,46.56971],[4.90616,46.56879],[4.90628,46.56802],[4.90638,46.56741],[4.90649,46.56661],[4.9065,46.56653],[4.90658,46.56594],[4.90666,46.5655],[4.9068,46.56488],[4.90683,46.56475],[4.90689,46.56454],[4.90698,46.56422],[4.90707,46.56396],[4.90719,46.56364],[4.90725,46.56348],[4.90736,46.56322],[4.90761,46.56271],[4.90766,46.5626],[4.90791,46.56214],[4.90818,46.56167],[4.90837,46.56138],[4.90858,46.56106],[4.90875,46.56084],[4.90895,46.56057],[4.90911,46.56038],[4.90913,46.56036],[4.90934,46.56012],[4.90957,46.55987],[4.9106,46.55874],[4.91101,46.5583],[4.91142,46.55785],[4.91147,46.5578],[4.91179,46.55744],[4.91288,46.55626],[4.91397,46.55508],[4.9144,46.55459],[4.91445,46.55454],[4.91469,46.55429],[4.91498,46.55396],[4.91504,46.55389],[4.91532,46.55359],[4.91538,46.55353],[4.91562,46.55327],[4.91612,46.55273],[4.91619,46.55264],[4.91672,46.55207],[4.91712,46.55164],[4.91775,46.55096],[4.91805,46.55062],[4.91837,46.55027],[4.91862,46.55],[4.9188,46.54979],[4.91898,46.54955],[4.91959,46.54875],[4.92007,46.54811],[4.92071,46.54726],[4.92101,46.54687],[4.92166,46.54597],[4.92219,46.54525],[4.92254,46.54475],[4.92269,46.54448],[4.92285,46.54419],[4.923,46.5439],[4.92342,46.54298],[4.9235,46.54281],[4.92352,46.54277],[4.92375,46.54228],[4.9245,46.54063],[4.92452,46.5406],[4.9248,46.53998],[4.92507,46.53938],[4.92534,46.53881],[4.92547,46.53856],[4.92571,46.53809],[4.926,46.53757],[4.92604,46.53751],[4.92626,46.53714],[4.9265,46.53677],[4.92666,46.53653],[4.9268,46.53634],[4.92697,46.53611],[4.92713,46.5359],[4.92734,46.53563],[4.9276,46.53532],[4.92784,46.53504],[4.9281,46.53475],[4.92862,46.5342],[4.92916,46.53367],[4.93055,46.53235],[4.93137,46.53157],[4.93233,46.53065],[4.93238,46.5306],[4.93262,46.53038],[4.93285,46.53015],[4.93324,46.52975],[4.93372,46.52919],[4.93393,46.52892],[4.93409,46.52869],[4.93426,46.52845],[4.93445,46.52815],[4.93463,46.52782],[4.9348,46.52751],[4.9349,46.5273],[4.93506,46.52692],[4.93517,46.52664],[4.93526,46.52636],[4.93534,46.52609],[4.93542,46.52579],[4.93549,46.52543],[4.93555,46.52508],[4.93557,46.5249],[4.93558,46.52476],[4.93562,46.52436],[4.93562,46.52398],[4.93561,46.52365],[4.93561,46.52361],[4.93559,46.52335],[4.93556,46.52305],[4.93551,46.52271],[4.93544,46.52236],[4.93537,46.52202],[4.93527,46.5217],[4.93511,46.52122],[4.93496,46.52087],[4.93481,46.52052],[4.93466,46.52021],[4.93444,46.51981],[4.93421,46.51942],[4.934,46.51909],[4.93384,46.51886],[4.93354,46.51845],[4.93325,46.51807],[4.93321,46.51803],[4.93299,46.51776],[4.93279,46.51753],[4.93251,46.51724],[4.93225,46.51698],[4.93147,46.51621],[4.9285,46.51335],[4.92552,46.51048],[4.92056,46.50569],[4.91976,46.50492],[4.91919,46.50442],[4.91861,46.50393],[4.9172,46.50278],[4.91666,46.50235],[4.91636,46.50211],[4.91563,46.50151],[4.91429,46.50042],[4.91292,46.49931],[4.91024,46.49712],[4.91021,46.4971],[4.90684,46.49435],[4.90678,46.49431],[4.90627,46.49388],[4.90602,46.49367],[4.90572,46.49339],[4.9055,46.49318],[4.90525,46.49294],[4.90501,46.4927],[4.90475,46.49242],[4.90459,46.49224],[4.90436,46.49199],[4.90413,46.49172],[4.90392,46.49148],[4.90362,46.49108],[4.90343,46.49083],[4.90323,46.49057],[4.90292,46.49011],[4.90263,46.48966],[4.90238,46.48925],[4.90229,46.48909],[4.90215,46.48883],[4.90191,46.48836],[4.90179,46.48811],[4.90159,46.48767],[4.90142,46.48723],[4.90126,46.4868],[4.90117,46.48651],[4.90104,46.48611],[4.90094,46.48574],[4.90086,46.48537],[4.90072,46.48476],[4.90058,46.48417],[4.90058,46.48417],[4.90042,46.48347],[4.90035,46.48315],[4.90034,46.48312],[4.9003,46.48291],[4.90017,46.48234],[4.90008,46.48194],[4.89992,46.48124],[4.89966,46.48009],[4.89956,46.47967],[4.89944,46.47923],[4.89934,46.47891],[4.89923,46.47857],[4.8991,46.47823],[4.89895,46.47786],[4.89878,46.47747],[4.89855,46.47698],[4.89832,46.47653],[4.89767,46.47536],[4.89696,46.47409],[4.8969,46.47397],[4.89601,46.47238],[4.89545,46.47137],[4.89513,46.47079],[4.8951,46.47074],[4.89465,46.46993],[4.89462,46.46988],[4.89293,46.46684],[4.89208,46.46531],[4.89123,46.46378],[4.89036,46.46223],[4.88993,46.46145],[4.88943,46.46055],[4.88943,46.46055],[4.88676,46.45575],[4.8856,46.45365],[4.88557,46.4536],[4.88523,46.45299],[4.88484,46.45229],[4.88451,46.4517],[4.88431,46.45133],[4.8841,46.45095],[4.88409,46.45093],[4.88391,46.45062],[4.88374,46.45032],[4.88355,46.45002],[4.8834,46.4498],[4.88321,46.44953],[4.88305,46.44933],[4.88287,46.44911],[4.88264,46.44886],[4.88243,46.44864],[4.88229,46.4485],[4.88214,46.44836],[4.88186,46.44811],[4.88161,46.4479],[4.88137,46.44771],[4.88113,46.44753],[4.88095,46.44739],[4.88045,46.44701],[4.87972,46.44646],[4.87944,46.44625],[4.87918,46.44603],[4.87902,46.4459],[4.87883,46.44573],[4.87862,46.44552],[4.87855,46.44546],[4.8784,46.44529],[4.87831,46.44521],[4.87814,46.44502],[4.87799,46.44485],[4.87782,46.44464],[4.87763,46.44438],[4.87726,46.44385],[4.87546,46.44108],[4.87491,46.44022],[4.87463,46.43979],[4.8744,46.43939],[4.87422,46.43907],[4.87407,46.43876],[4.87393,46.43844],[4.87377,46.43808],[4.87375,46.43802],[4.87361,46.43766],[4.87349,46.43728],[4.8734,46.43698],[4.8733,46.43654],[4.87321,46.4361],[4.87315,46.43563],[4.87312,46.43527],[4.87309,46.43486],[4.87309,46.43431],[4.87311,46.43389],[4.87314,46.43354],[4.87319,46.43318],[4.87324,46.43283],[4.8733,46.43255],[4.87331,46.4325],[4.87339,46.43214],[4.87353,46.43165],[4.8737,46.43117],[4.87394,46.43057],[4.87413,46.43016],[4.87435,46.42975],[4.87483,46.42894],[4.87534,46.42811],[4.87537,46.42806],[4.87591,46.42718],[4.87621,46.42663],[4.87638,46.42625],[4.8766,46.42564],[4.87662,46.42559],[4.87676,46.425],[4.87681,46.42473],[4.87683,46.42459],[4.87684,46.42442],[4.87686,46.42417],[4.87688,46.42388],[4.87686,46.42354],[4.87685,46.42348],[4.87682,46.42316],[4.87679,46.42291],[4.87672,46.42251],[4.87663,46.42213],[4.87652,46.42167],[4.87638,46.42117],[4.87617,46.42049],[4.87595,46.41981],[4.87436,46.41489],[4.87356,46.41243],[4.87316,46.4112],[4.87294,46.41052],[4.87274,46.4099],[4.87248,46.40909],[4.8723,46.4085],[4.87229,46.40845],[4.87224,46.40827],[4.87216,46.40793],[4.87209,46.40758],[4.872,46.40709],[4.87195,46.40671],[4.87191,46.40629],[4.87188,46.40584],[4.87187,46.40574],[4.87187,46.40525],[4.87187,46.40484],[4.8719,46.40441],[4.87191,46.40419],[4.87197,46.40345],[4.87203,46.40269],[4.87212,46.40156],[4.8722,46.40046],[4.8723,46.39921],[4.87237,46.39803],[4.87236,46.39714],[4.87233,46.3967],[4.87229,46.39626],[4.87221,46.3957],[4.8721,46.39515],[4.87199,46.39465],[4.87185,46.39415],[4.87176,46.39384],[4.87165,46.39353],[4.87149,46.39309],[4.87134,46.39272],[4.87121,46.39242],[4.87108,46.39214],[4.8709,46.39177],[4.87071,46.39141],[4.87057,46.39115],[4.87028,46.39067],[4.86998,46.39019],[4.86937,46.38922],[4.86797,46.38701],[4.86728,46.38592],[4.86686,46.38526],[4.86659,46.38483],[4.86608,46.38402],[4.86567,46.38337],[4.8651,46.38246],[4.86486,46.38209],[4.86362,46.38012],[4.86294,46.37905],[4.86209,46.37768],[4.8615,46.37675],[4.86096,46.3759],[4.86012,46.37459],[4.85973,46.37396],[4.85943,46.37349],[4.85899,46.37279],[4.8584,46.37185],[4.85804,46.37129],[4.85757,46.37054],[4.85748,46.3704],[4.85742,46.3703],[4.85702,46.36966],[4.85669,46.36915],[4.85649,46.36883],[4.85642,46.36873],[4.85602,46.36809],[4.85575,46.36765],[4.85542,46.36714],[4.85508,46.36661],[4.85476,46.36608],[4.85445,46.36561],[4.85417,46.36515],[4.85389,46.36471],[4.85356,46.3642],[4.85325,46.36372],[4.85294,46.36328],[4.8526,46.36285],[4.85218,46.36236],[4.85202,46.36218],[4.85196,46.36211],[4.85176,46.36188],[4.85156,46.36164],[4.8515,46.36158],[4.85134,46.36139],[4.85094,46.3609],[4.85075,46.36064],[4.85049,46.36029],[4.85031,46.36003],[4.8501,46.3597],[4.84989,46.35935],[4.84975,46.3591],[4.84961,46.35883],[4.84948,46.35858],[4.84935,46.35831],[4.84921,46.35799],[4.84908,46.35767],[4.84898,46.3574],[4.84887,46.35708],[4.84879,46.35683],[4.8487,46.3565],[4.84862,46.35618],[4.84854,46.3558],[4.84848,46.35544],[4.84844,46.35513],[4.8484,46.35481],[4.84838,46.35448],[4.84836,46.35415],[4.84836,46.35384],[4.84836,46.35353],[4.84838,46.35318],[4.84841,46.35281],[4.84846,46.35242],[4.84865,46.35118],[4.84876,46.35056],[4.84881,46.35024],[4.84885,46.34994],[4.84887,46.3496],[4.84887,46.34928],[4.84886,46.34894],[4.84883,46.34867],[4.84879,46.34843],[4.84875,46.34818],[4.84871,46.34798],[4.84864,46.34772],[4.84857,46.34747],[4.84832,46.34671],[4.84829,46.34663],[4.84814,46.34623],[4.8479,46.34559],[4.8475,46.34461],[4.84713,46.34381],[4.84693,46.3434],[4.84672,46.34298],[4.84634,46.34221],[4.84596,46.34153],[4.84249,46.335],[4.84247,46.33497],[4.84067,46.33158],[4.83886,46.32819],[4.83725,46.32516],[4.83606,46.32292],[4.83563,46.32211],[4.8356,46.32205],[4.83533,46.32153],[4.8352,46.32127],[4.83509,46.32102],[4.83488,46.32052],[4.83478,46.32026],[4.83468,46.32],[4.83457,46.31968],[4.83442,46.3192],[4.83441,46.31917],[4.83428,46.3187],[4.83414,46.31823],[4.83382,46.31713],[4.83349,46.31599],[4.83335,46.31552],[4.83322,46.31506],[4.8331,46.31471],[4.83293,46.31422],[4.83272,46.31369],[4.83258,46.31336],[4.83241,46.313],[4.83223,46.31262],[4.83213,46.31244],[4.83204,46.31227],[4.83192,46.31207],[4.83179,46.31185],[4.83153,46.31142],[4.83138,46.31118],[4.83117,46.31088],[4.83087,46.31048],[4.83071,46.31027],[4.83053,46.31003],[4.82983,46.30917],[4.82983,46.30917],[4.82933,46.30856],[4.82915,46.30833],[4.82893,46.30803],[4.82874,46.30781],[4.82855,46.30758],[4.8281,46.30703],[4.82758,46.30638],[4.82727,46.30599],[4.82699,46.3056],[4.82699,46.3056],[4.82654,46.30498],[4.82626,46.30458],[4.82603,46.30427],[4.82595,46.30416],[4.82577,46.30392],[4.82553,46.30363],[4.82524,46.30325],[4.82495,46.30288],[4.82477,46.30267],[4.82465,46.30253],[4.82436,46.30218],[4.82433,46.30214],[4.82433,46.30214],[4.82377,46.30146],[4.8235,46.30112],[4.82322,46.30079],[4.82294,46.30044],[4.82262,46.30006],[4.82221,46.29959],[4.82195,46.2993],[4.82181,46.29914],[4.82097,46.29822],[4.82031,46.29751],[4.81953,46.29669],[4.81884,46.29601],[4.81832,46.29558],[4.81798,46.29533],[4.81752,46.29498],[4.81712,46.2947],[4.81672,46.29443],[4.81583,46.29382],[4.8142,46.29265],[4.81316,46.29194],[4.81229,46.29125],[4.81165,46.29068],[4.81002,46.28904],[4.80995,46.28896],[4.80921,46.2882],[4.80864,46.28762],[4.80707,46.286],[4.80685,46.28578],[4.80648,46.28538],[4.80625,46.28515],[4.80625,46.28515],[4.8049,46.28375],[4.80383,46.28266],[4.80342,46.28222],[4.8027,46.28145],[4.80264,46.28138],[4.8024,46.2811],[4.80188,46.28045],[4.80167,46.28016],[4.80148,46.27989],[4.80112,46.27934],[4.80108,46.27928],[4.80013,46.27764],[4.8,46.2774],[4.79974,46.27694],[4.79943,46.27634],[4.79658,46.27117],[4.79089,46.26087],[4.7906,46.26034],[4.79034,46.25988],[4.79033,46.25985],[4.79015,46.25953],[4.78946,46.25827],[4.78939,46.25815],[4.78874,46.25696],[4.78751,46.25472],[4.78745,46.2546],[4.7867,46.25324],[4.78663,46.25311],[4.78565,46.25132],[4.78539,46.25084],[4.78524,46.25054],[4.78509,46.25022],[4.78496,46.24993],[4.7848,46.24952],[4.7847,46.24924],[4.78459,46.24887],[4.78454,46.24868],[4.7845,46.24853],[4.78445,46.24834],[4.78441,46.24816],[4.78434,46.24781],[4.78429,46.24746],[4.78426,46.24716],[4.78424,46.2469],[4.78422,46.24658],[4.78422,46.24636],[4.78422,46.24616],[4.78422,46.24611],[4.78422,46.2459],[4.78423,46.24569],[4.78425,46.2455],[4.78426,46.2453],[4.78429,46.24507],[4.78431,46.2448],[4.78434,46.24457],[4.78438,46.24418],[4.78441,46.24385],[4.78444,46.24356],[4.78447,46.24327],[4.7845,46.24295],[4.78453,46.24259],[4.78457,46.2422],[4.78461,46.24185],[4.78461,46.2418],[4.78464,46.24153],[4.78466,46.24138],[4.7847,46.24088],[4.78474,46.24051],[4.78484,46.23959],[4.78484,46.23957],[4.78485,46.23943],[4.78487,46.23895],[4.78492,46.23776],[4.78493,46.23716],[4.78493,46.23666],[4.78491,46.23614],[4.78487,46.23557],[4.78482,46.23481],[4.78479,46.23455],[4.78476,46.23431],[4.78473,46.23406],[4.7846,46.23316],[4.78445,46.23236],[4.78428,46.23155],[4.78404,46.23059],[4.78395,46.23027],[4.78386,46.22994],[4.78377,46.22966],[4.78371,46.22946],[4.78366,46.2293],[4.7836,46.22912],[4.7836,46.22912],[4.7835,46.22883],[4.78341,46.22859],[4.78341,46.22857],[4.78328,46.22822],[4.78315,46.22787],[4.78301,46.22752],[4.78278,46.22697],[4.78255,46.22646],[4.78235,46.22602],[4.7823,46.22591],[4.78215,46.2256],[4.782,46.22528],[4.78172,46.22476],[4.78151,46.22436],[4.78125,46.22393],[4.78117,46.22379],[4.78057,46.22278],[4.78049,46.22264],[4.78033,46.2224],[4.78017,46.22216],[4.78001,46.22193],[4.77985,46.22169],[4.77976,46.22156],[4.77971,46.22149],[4.77971,46.22149],[4.77945,46.22112],[4.77901,46.22053],[4.77876,46.22021],[4.77851,46.21989],[4.77846,46.21983],[4.77837,46.21971],[4.77797,46.21923],[4.77748,46.21865],[4.77698,46.21807],[4.77617,46.21711],[4.77613,46.21707],[4.77559,46.21645],[4.77453,46.21521],[4.7738,46.21435],[4.77334,46.21381],[4.77278,46.21316],[4.77269,46.21305],[4.77207,46.21233],[4.77142,46.21156],[4.76948,46.20932],[4.76931,46.20912],[4.76873,46.20842],[4.7684,46.20804],[4.76798,46.20755],[4.76748,46.20697],[4.76731,46.20677],[4.76591,46.20515],[4.76307,46.20181],[4.76199,46.20056],[4.76092,46.19931],[4.76086,46.19924],[4.76023,46.19851],[4.75937,46.1975],[4.75846,46.19645],[4.75731,46.1951],[4.75618,46.19378],[4.75418,46.19142],[4.75413,46.19137],[4.75296,46.18992],[4.74472,46.18035],[4.74422,46.17974],[4.74376,46.1791],[4.74371,46.17902],[4.74309,46.17802],[4.74252,46.17696],[4.74224,46.17631],[4.74221,46.17625],[4.74207,46.17587],[4.74193,46.1755],[4.74181,46.17515],[4.74166,46.17463],[4.74155,46.17415],[4.74152,46.17402],[4.74127,46.1728],[4.73892,46.16126],[4.73793,46.15651],[4.73746,46.15414],[4.73723,46.15295],[4.7371,46.15236],[4.73704,46.15206],[4.73698,46.15177],[4.73696,46.15165],[4.73694,46.15156],[4.73672,46.15046],[4.73651,46.14938],[4.73647,46.14919],[4.73493,46.14164],[4.7313,46.12379],[4.73107,46.1227],[4.73096,46.12216],[4.73087,46.12171],[4.73086,46.12162],[4.73078,46.12125],[4.73059,46.12029],[4.73027,46.11872],[4.73003,46.11759],[4.7298,46.11647],[4.7296,46.11543],[4.72941,46.11447],[4.72922,46.11357],[4.72912,46.1131],[4.72895,46.11222],[4.72888,46.11188],[4.72883,46.11166],[4.7287,46.11102],[4.7286,46.11055],[4.7286,46.11055],[4.7285,46.11008],[4.7284,46.1095],[4.72817,46.10842],[4.72806,46.1079],[4.72792,46.10719],[4.72785,46.10685],[4.72779,46.10656],[4.72754,46.10529],[4.7273,46.10416],[4.72714,46.10333],[4.72706,46.10295],[4.72689,46.10212],[4.72674,46.10133],[4.72666,46.10098],[4.72664,46.10086],[4.72658,46.10059],[4.72634,46.09948],[4.72612,46.09836],[4.72589,46.09721],[4.72349,46.0854],[4.72197,46.07781],[4.72155,46.07583],[4.72059,46.071],[4.7196,46.06619],[4.71952,46.06579],[4.71898,46.06312],[4.71894,46.06289],[4.71889,46.0627],[4.71877,46.06213],[4.71859,46.06123],[4.7174,46.05538],[4.71732,46.05493],[4.71645,46.05073],[4.71643,46.05066],[4.71573,46.04722],[4.71535,46.04533],[4.71507,46.04399],[4.7148,46.04263],[4.71437,46.04053],[4.71434,46.04036],[4.71425,46.03993],[4.71388,46.03815],[4.71378,46.03766],[4.71366,46.03695],[4.71357,46.03629],[4.71352,46.03576],[4.7135,46.03517],[4.7135,46.03476],[4.71352,46.03421],[4.71356,46.0338],[4.7136,46.0334],[4.71365,46.03306],[4.71376,46.03247],[4.71382,46.03219],[4.71388,46.03192],[4.71397,46.0316],[4.71407,46.03127],[4.71422,46.03081],[4.71433,46.0305],[4.71442,46.03025],[4.71453,46.02998],[4.71471,46.02958],[4.71484,46.02928],[4.71499,46.02899],[4.71522,46.02855],[4.71568,46.02767],[4.71663,46.02587],[4.71781,46.02363],[4.71824,46.02281],[4.71868,46.02198],[4.71873,46.02189],[4.72001,46.01946],[4.72012,46.01925],[4.72064,46.01827],[4.7208,46.01795],[4.72107,46.01742],[4.7213,46.01687],[4.72146,46.01647],[4.72159,46.01609],[4.72163,46.01593],[4.72176,46.01551],[4.72193,46.01483],[4.72205,46.01407],[4.72211,46.01368],[4.72219,46.01248],[4.72221,46.01191],[4.72232,46.00916],[4.72234,46.00851],[4.72237,46.00821],[4.72237,46.00814],[4.72237,46.00801],[4.72238,46.00746],[4.72243,46.00632],[4.72246,46.00519],[4.7225,46.00441],[4.7225,46.00429],[4.72254,46.00348],[4.72256,46.00235],[4.72261,46.00123],[4.72265,46.00017],[4.72265,45.99956],[4.72266,45.99918],[4.72271,45.99806],[4.72277,45.99652],[4.7228,45.99571],[4.72284,45.99467],[4.72287,45.9941],[4.72287,45.99357],[4.72284,45.993],[4.7228,45.99244],[4.72273,45.99188],[4.72264,45.9913],[4.72256,45.9909],[4.72256,45.9909],[4.72256,45.9909],[4.72252,45.99073],[4.72239,45.9902],[4.72224,45.98956],[4.72211,45.989],[4.72199,45.98849],[4.72183,45.98785],[4.72168,45.98717],[4.72164,45.98701],[4.72155,45.98657],[4.72147,45.98611],[4.72147,45.98611],[4.72142,45.98583],[4.72142,45.98583],[4.72136,45.9853],[4.72132,45.98509],[4.72128,45.98485],[4.72127,45.98476],[4.72121,45.98449],[4.72119,45.9844],[4.72112,45.98406],[4.72104,45.98371],[4.72094,45.98329],[4.72088,45.98304],[4.72081,45.98278],[4.72066,45.98221],[4.72053,45.98174],[4.72041,45.98128],[4.72029,45.9808],[4.72019,45.9803],[4.72014,45.98003],[4.7201,45.97977],[4.72006,45.97944],[4.72,45.97886],[4.71997,45.97853],[4.71993,45.97811],[4.71989,45.9777],[4.71987,45.97745],[4.71982,45.97702],[4.71979,45.97677],[4.71975,45.97652],[4.71971,45.97628],[4.71966,45.97603],[4.71958,45.97573],[4.71952,45.97552],[4.71945,45.97532],[4.71925,45.97485],[4.71905,45.97441],[4.71882,45.97392],[4.71851,45.9732],[4.71835,45.97278],[4.71824,45.97246],[4.71811,45.972],[4.71794,45.97133],[4.71749,45.9694],[4.71699,45.96727],[4.71679,45.96613],[4.71661,45.96426],[4.71639,45.96167],[4.71584,45.95585],[4.71565,45.95376],[4.71564,45.95369],[4.71528,45.94971],[4.7152,45.94868],[4.71521,45.94815],[4.71527,45.94731],[4.71531,45.94702],[4.71544,45.94624],[4.71567,45.94543],[4.71585,45.94491],[4.71605,45.94438],[4.71633,45.94376],[4.71666,45.94316],[4.71723,45.94227],[4.71778,45.94153],[4.71828,45.94092],[4.71842,45.94077],[4.71898,45.94019],[4.71934,45.93984],[4.71968,45.93954],[4.71994,45.93932],[4.72039,45.93895],[4.72068,45.93871],[4.72098,45.9385],[4.72159,45.93808],[4.72166,45.93804],[4.72205,45.93779],[4.72245,45.93755],[4.72284,45.93732],[4.72341,45.937],[4.72452,45.9364],[4.72545,45.93589],[4.7256,45.93581],[4.72614,45.93551],[4.73684,45.92966],[4.73826,45.92889],[4.73875,45.92862],[4.74161,45.92707],[4.74164,45.92706],[4.74467,45.92539],[4.74771,45.92372],[4.74976,45.9226],[4.75069,45.92209],[4.751,45.92192],[4.75134,45.92173],[4.75226,45.92123],[4.7531,45.92077],[4.75432,45.9201],[4.75551,45.91945],[4.75606,45.91915],[4.75666,45.91882],[4.75767,45.91827],[4.75926,45.91739],[4.75957,45.91723],[4.76001,45.91699],[4.76045,45.91675],[4.76078,45.91656],[4.76122,45.91632],[4.76172,45.91605],[4.76203,45.91588],[4.76224,45.91576],[4.76259,45.91558],[4.76299,45.91535],[4.76342,45.91512],[4.76387,45.91487],[4.76452,45.91452],[4.76532,45.91407],[4.76598,45.91372],[4.76664,45.91335],[4.76683,45.91325],[4.76738,45.91295],[4.76827,45.91246],[4.76978,45.91163],[4.77024,45.91138],[4.77153,45.91067],[4.77322,45.90975],[4.7766,45.9079],[4.77669,45.90785],[4.77852,45.90685],[4.77971,45.9062],[4.7805,45.90576],[4.78218,45.90484],[4.78226,45.9048],[4.78226,45.9048],[4.78347,45.90414],[4.78412,45.9038],[4.78537,45.90309],[4.78594,45.90278],[4.78641,45.90253],[4.78651,45.90247],[4.78657,45.90244],[4.78865,45.9013],[4.78952,45.90083],[4.79037,45.90036],[4.79123,45.8999],[4.79209,45.89942],[4.79273,45.89906],[4.79346,45.89865],[4.79428,45.89815],[4.79484,45.89778],[4.79568,45.89722],[4.79611,45.89691],[4.79637,45.89672],[4.79666,45.89648],[4.79691,45.89628],[4.79726,45.89598],[4.79758,45.89566],[4.79795,45.89529],[4.79832,45.89488],[4.79865,45.8945],[4.79903,45.89407],[4.79949,45.89356],[4.80019,45.89278],[4.80059,45.89231],[4.80102,45.89184],[4.80139,45.89144],[4.80151,45.89131],[4.80151,45.89131],[4.80265,45.89018],[4.80298,45.88986],[4.80407,45.88878],[4.80418,45.88868],[4.80438,45.88847],[4.80509,45.8878],[4.8057,45.88719],[4.806,45.8869],[4.80631,45.8866],[4.80747,45.88546],[4.80747,45.88546],[4.80847,45.88449],[4.80871,45.88425],[4.80897,45.88401],[4.80921,45.88381],[4.80947,45.88359],[4.8097,45.88341],[4.80994,45.88322],[4.81018,45.88305],[4.81042,45.88288],[4.81068,45.88271],[4.81093,45.88254],[4.81119,45.88238],[4.81146,45.88222],[4.81169,45.88209],[4.81191,45.88197],[4.81214,45.88185],[4.81238,45.88173],[4.81266,45.88159],[4.81296,45.88145],[4.81325,45.88132],[4.81355,45.8812],[4.81385,45.88108],[4.81416,45.88096],[4.81447,45.88084],[4.81478,45.88072],[4.81508,45.88061],[4.8154,45.8805],[4.81571,45.88039],[4.81603,45.88029],[4.81633,45.88021],[4.81664,45.88013],[4.81696,45.88005],[4.8173,45.87997],[4.81758,45.87992],[4.81786,45.87986],[4.81814,45.87981],[4.81843,45.87977],[4.81871,45.87973],[4.819,45.87969],[4.81969,45.87962],[4.82019,45.87957],[4.82028,45.87956],[4.82131,45.87945],[4.82211,45.87937],[4.8228,45.8793],[4.82352,45.87922],[4.82385,45.87918],[4.82418,45.87913],[4.8245,45.87908],[4.82482,45.87902],[4.82517,45.87895],[4.82548,45.87888],[4.82582,45.8788],[4.82614,45.87872],[4.82646,45.87862],[4.82678,45.87853],[4.82699,45.87847],[4.82723,45.87839],[4.82729,45.87835],[4.8274,45.87832],[4.82765,45.87823],[4.82797,45.87812],[4.82825,45.87802],[4.82853,45.87791],[4.82881,45.87779],[4.82907,45.87767],[4.82934,45.87754],[4.82959,45.87741],[4.82984,45.87727],[4.83008,45.87713],[4.8303,45.877],[4.8305,45.87686],[4.83071,45.87672],[4.8309,45.87657],[4.8311,45.87642],[4.83128,45.87627],[4.83146,45.8761],[4.83163,45.87594],[4.83173,45.87584],[4.83182,45.87575],[4.83209,45.87545],[4.83222,45.87529],[4.83246,45.87497],[4.83257,45.87481],[4.83273,45.87459],[4.83288,45.87437],[4.83306,45.87411],[4.83319,45.87391],[4.83331,45.87372],[4.83344,45.87352],[4.83355,45.87331],[4.83365,45.87312],[4.83374,45.87293],[4.83382,45.87274],[4.8339,45.87254],[4.83397,45.87235],[4.83403,45.87216],[4.83409,45.87196],[4.83414,45.87176],[4.83419,45.87156],[4.83422,45.87136],[4.83425,45.87117],[4.83428,45.87096],[4.8343,45.87076],[4.83431,45.87056],[4.83432,45.87032],[4.83431,45.87007],[4.83429,45.86951],[4.83425,45.86894],[4.83424,45.86876],[4.83421,45.86873],[4.83418,45.86838],[4.83415,45.86781],[4.83411,45.86724],[4.83405,45.86667],[4.83398,45.86611],[4.8339,45.86564],[4.83389,45.86559],[4.83383,45.8653],[4.83376,45.865],[4.83361,45.86444],[4.83348,45.86395],[4.83343,45.86376],[4.83341,45.86368],[4.83335,45.86347],[4.83322,45.86299],[4.83311,45.86261],[4.83311,45.86259],[4.83292,45.86192],[4.83247,45.86025],[4.83234,45.85977],[4.83219,45.85922],[4.83204,45.85866],[4.83189,45.8581],[4.83174,45.85756],[4.83158,45.85699],[4.83143,45.85644],[4.8309,45.85454],[4.8309,45.85451],[4.83065,45.85365],[4.83049,45.8531],[4.83034,45.85254],[4.83022,45.85213],[4.8301,45.8517],[4.82996,45.85123],[4.82978,45.85069],[4.82962,45.85013],[4.82947,45.84957],[4.82932,45.84901],[4.82923,45.84871],[4.82921,45.84862],[4.82916,45.84845],[4.82902,45.84793],[4.82888,45.84741],[4.82875,45.84695],[4.82863,45.84647],[4.82852,45.84599],[4.82844,45.84558],[4.82837,45.8452],[4.82833,45.84502],[4.82827,45.84474],[4.82823,45.84454],[4.82817,45.84426],[4.82815,45.84413],[4.82809,45.8438],[4.82806,45.84363],[4.82804,45.84344],[4.82802,45.84325],[4.828,45.84305],[4.828,45.84285],[4.828,45.84264],[4.82801,45.84231],[4.82803,45.84215],[4.82805,45.84197],[4.82807,45.84179],[4.82811,45.8416],[4.82815,45.8414],[4.82819,45.8412],[4.82825,45.841],[4.8283,45.8408],[4.82837,45.8406],[4.82844,45.8404],[4.82852,45.84021],[4.8286,45.84001],[4.82865,45.83989],[4.82867,45.83984],[4.82878,45.83962],[4.82896,45.83926],[4.82907,45.83907],[4.82918,45.83888],[4.82926,45.83875],[4.8293,45.83869],[4.82942,45.83851],[4.82955,45.83833],[4.82968,45.83814],[4.82983,45.83797],[4.82998,45.83779],[4.83013,45.83762],[4.83029,45.83745],[4.83047,45.83727],[4.83066,45.83709],[4.83086,45.83691],[4.83106,45.83673],[4.83125,45.83657],[4.83145,45.83641],[4.83168,45.83623],[4.83193,45.83605],[4.8322,45.83585],[4.83248,45.83565],[4.83278,45.83545],[4.83308,45.83526],[4.83349,45.835],[4.83371,45.83487],[4.83394,45.83475],[4.83417,45.83463],[4.83442,45.83451],[4.83466,45.8344],[4.8349,45.83429],[4.83515,45.83419],[4.83541,45.83408],[4.83566,45.83399],[4.83592,45.8339],[4.83618,45.83382],[4.83646,45.83373],[4.83714,45.83354],[4.83784,45.83334],[4.83855,45.83315],[4.83926,45.83296],[4.83994,45.83277],[4.84065,45.83255],[4.84122,45.83235],[4.84158,45.83221],[4.84178,45.83213],[4.84223,45.83194],[4.84266,45.83175],[4.84312,45.83153],[4.84351,45.83131],[4.84376,45.83117],[4.84408,45.83098],[4.84437,45.83078],[4.84453,45.83067],[4.84473,45.83052],[4.84491,45.83039],[4.84509,45.83025],[4.84523,45.83013],[4.84539,45.82999],[4.84558,45.82982],[4.84567,45.82973],[4.84574,45.82967],[4.84593,45.82948],[4.84612,45.82927],[4.84636,45.82901],[4.8465,45.82886],[4.84678,45.82851],[4.84696,45.82828],[4.84696,45.82828],[4.84731,45.82779],[4.84754,45.82742],[4.84766,45.82718],[4.84774,45.82703],[4.84783,45.82683],[4.84789,45.8267],[4.84794,45.82657],[4.848,45.82644],[4.84807,45.82622],[4.84814,45.826],[4.84821,45.82576],[4.84829,45.8254],[4.84834,45.82498],[4.84837,45.82472],[4.84839,45.82424],[4.84839,45.82402],[4.84839,45.8238],[4.84838,45.82361],[4.84836,45.82337],[4.84834,45.82316],[4.8483,45.82291],[4.84825,45.82267],[4.84819,45.82243],[4.8481,45.82212],[4.84805,45.82195],[4.84796,45.82173],[4.84788,45.82155],[4.8478,45.82135],[4.84765,45.82103],[4.84746,45.82068],[4.84744,45.82065],[4.84725,45.8203],[4.847,45.81986],[4.84685,45.81961],[4.8466,45.81921],[4.84638,45.81886],[4.84623,45.81864],[4.84614,45.81849],[4.84572,45.81789],[4.84572,45.81789],[4.84551,45.81758],[4.84531,45.81728],[4.84477,45.8165],[4.84464,45.81631],[4.84456,45.81619],[4.84432,45.81583],[4.84393,45.81527],[4.84347,45.81459],[4.84315,45.81412],[4.84287,45.81371],[4.84278,45.81358],[4.84256,45.81323],[4.84236,45.8129],[4.84225,45.8127],[4.84211,45.81244],[4.84201,45.8122],[4.84197,45.8121],[4.84189,45.8119],[4.84183,45.81172],[4.84177,45.81153],[4.84172,45.8113],[4.84167,45.81108],[4.84162,45.81074],[4.84161,45.81058],[4.84158,45.81016],[4.84157,45.8097],[4.84157,45.80927],[4.84156,45.80878],[4.84155,45.80857],[4.84152,45.80827],[4.84149,45.80803],[4.84144,45.80769],[4.84138,45.80742],[4.84132,45.80718],[4.84124,45.80692],[4.84115,45.80665],[4.84102,45.80631],[4.84092,45.80607],[4.84077,45.80576],[4.8406,45.80544],[4.84042,45.80514],[4.84026,45.80488],[4.84012,45.80466],[4.83997,45.80446],[4.83982,45.80425],[4.83967,45.80407],[4.83947,45.80384],[4.83928,45.80363],[4.83914,45.80348],[4.83899,45.80334],[4.83884,45.8032],[4.83854,45.80295],[4.83823,45.80269],[4.83796,45.80248],[4.83762,45.80224],[4.83729,45.80203],[4.83687,45.80178],[4.83643,45.80155],[4.83606,45.80137],[4.83567,45.80119],[4.83526,45.80103],[4.83478,45.80085],[4.83424,45.80067],[4.8335,45.80045],[4.83245,45.80015],[4.83143,45.79985],[4.82911,45.79919],[4.82839,45.79898],[4.82789,45.79881],[4.82741,45.79864],[4.82692,45.79845],[4.82632,45.79818],[4.82594,45.79798],[4.82553,45.79776],[4.82519,45.79755],[4.82495,45.79739],[4.82472,45.79723],[4.82435,45.79694],[4.82402,45.79667],[4.82372,45.79639],[4.82343,45.79609],[4.82302,45.79567],[4.82273,45.79539],[4.82245,45.79514],[4.82222,45.79494],[4.82203,45.79478],[4.82178,45.7946],[4.82153,45.79442],[4.82125,45.79423],[4.82096,45.79404],[4.82062,45.79383],[4.82033,45.79366],[4.82004,45.79352],[4.81972,45.79336],[4.81924,45.79316],[4.81909,45.79309],[4.81854,45.79288],[4.81797,45.79267],[4.81797,45.79267],[4.81701,45.7923],[4.81633,45.79202],[4.81597,45.79185],[4.81561,45.79166],[4.81512,45.79137],[4.81478,45.79115],[4.81382,45.79048],[4.81319,45.79002],[4.81277,45.7897],[4.8122,45.78924],[4.81178,45.78888],[4.8111,45.78825],[4.81064,45.7878],[4.81016,45.78728],[4.80957,45.78664],[4.80907,45.78611],[4.80858,45.78559],[4.80816,45.78515],[4.80791,45.78488],[4.80765,45.7846],[4.80698,45.78389],[4.80682,45.78373],[4.80653,45.7834],[4.80653,45.7834],[4.80626,45.78308],[4.80557,45.78232],[4.80507,45.7818],[4.80361,45.78023],[4.80299,45.77958],[4.80236,45.77889],[4.80219,45.77872],[4.8014,45.77788],[4.80127,45.77776],[4.80119,45.77767],[4.80081,45.77727],[4.80003,45.77647],[4.79986,45.77631],[4.79971,45.77614],[4.79954,45.77597],[4.7994,45.77581],[4.7994,45.77581],[4.79928,45.77567],[4.79916,45.77551],[4.79891,45.77516],[4.79883,45.77504],[4.79868,45.7748],[4.79855,45.77457],[4.79832,45.77411],[4.79813,45.77364],[4.79809,45.77355],[4.79795,45.77309],[4.79785,45.7727],[4.79778,45.7723],[4.79775,45.77208],[4.79773,45.77184],[4.79772,45.77162],[4.79772,45.77139],[4.79773,45.77117],[4.79774,45.77095],[4.79775,45.77082],[4.79777,45.77064],[4.79781,45.77044],[4.79783,45.77031],[4.79787,45.77012],[4.79791,45.76995],[4.79796,45.76978],[4.798,45.76964],[4.79805,45.76949],[4.79814,45.76924],[4.79821,45.76907],[4.79827,45.76892],[4.79836,45.76874],[4.79851,45.76845],[4.79862,45.76824],[4.79874,45.76804],[4.7988,45.76795],[4.7988,45.76795],[4.79891,45.76778],[4.79902,45.76762],[4.79929,45.76728],[4.79954,45.76697],[4.79979,45.7667],[4.80004,45.76645],[4.80037,45.76616],[4.80073,45.76585],[4.80112,45.76555],[4.80423,45.76325],[4.80577,45.7621],[4.80603,45.76191],[4.81043,45.75865],[4.81142,45.75791],[4.81509,45.7552],[4.81975,45.75174],[4.81991,45.75163],[4.82007,45.75151],[4.82043,45.75125],[4.82063,45.75111],[4.82095,45.75087],[4.82095,45.75087],[4.82143,45.75046],[4.82151,45.7504],[4.82151,45.7504],[4.82176,45.75022],[4.82176,45.75022],[4.82183,45.75016],[4.82202,45.75002],[4.82202,45.75002],[4.82211,45.74996],[4.82216,45.74992],[4.82216,45.74992],[4.82253,45.74965],[4.82253,45.74965],[4.82271,45.74951],[4.82294,45.74935],[4.82304,45.74928],[4.82337,45.74907],[4.82353,45.74898],[4.8237,45.74889],[4.8239,45.74881],[4.82411,45.74872],[4.82434,45.74862],[4.82547,45.74815],[4.82663,45.74767],[4.82705,45.74749],[4.82714,45.74746],[4.82724,45.74742],[4.82747,45.74735],[4.82765,45.74729],[4.82774,45.74726],[4.82782,45.74724],[4.82798,45.74721],[4.82798,45.74721],[4.82832,45.74712],[4.82832,45.74712],[4.82864,45.74703],[4.82864,45.74703],[4.82875,45.74699],[4.82887,45.74696],[4.82922,45.74685],[4.82958,45.74673],[4.82958,45.74673],[4.82967,45.74671],[4.82973,45.74669],[4.82978,45.74668],[4.82989,45.74665],[4.82997,45.74664],[4.83006,45.74662],[4.83012,45.7466],[4.83023,45.74656],[4.83043,45.7465],[4.83043,45.7465],[4.83075,45.7464],[4.83075,45.7464],[4.83129,45.74623],[4.83155,45.74615],[4.83155,45.74615],[4.83171,45.7461],[4.83186,45.74606],[4.83216,45.746],[4.83216,45.746],[4.83246,45.74594],[4.83269,45.7459],[4.83269,45.7459],[4.83295,45.74586],[4.83306,45.74584],[4.83328,45.74581],[4.83333,45.7458],[4.83333,45.7458],[4.83356,45.74575],[4.83377,45.74573],[4.83415,45.74568],[4.83447,45.74564],[4.83483,45.7456],[4.83509,45.74558],[4.83547,45.74555],[4.83582,45.74553],[4.83591,45.74552],[4.83639,45.7455],[4.83648,45.7455],[4.83679,45.74549],[4.83711,45.74549],[4.83756,45.74549],[4.83806,45.7455],[4.83839,45.74551],[4.83855,45.74551],[4.83887,45.74551],[4.8391,45.74551],[4.83916,45.74551],[4.83929,45.74551],[4.83939,45.7455],[4.83955,45.7455],[4.83972,45.74548],[4.83988,45.74547],[4.84005,45.74545],[4.84034,45.74541],[4.84065,45.74536],[4.84094,45.7453],[4.84122,45.74523],[4.84164,45.74513],[4.84211,45.74499],[4.84334,45.74461],[4.84419,45.74435],[4.84451,45.74425],[4.84464,45.7442],[4.84478,45.74416],[4.84487,45.74412],[4.84487,45.74412],[4.84516,45.74401],[4.84542,45.74389],[4.84558,45.74382],[4.84573,45.74374],[4.84596,45.74361],[4.84614,45.7435],[4.84635,45.74335],[4.84644,45.74329],[4.84651,45.74323],[4.84668,45.7431],[4.84685,45.74295],[4.84693,45.74287],[4.847,45.7428],[4.84713,45.74268],[4.8474,45.74239],[4.84752,45.74225],[4.84763,45.7421],[4.84778,45.74187],[4.84791,45.74164],[4.84807,45.74127],[4.84823,45.74086],[4.8484,45.74042],[4.84852,45.74014],[4.84865,45.73989],[4.84875,45.73971],[4.84885,45.73954],[4.84898,45.73932],[4.84912,45.7391],[4.84931,45.73882],[4.84944,45.73861],[4.84956,45.73843],[4.84969,45.73823],[4.84976,45.73811],[4.84981,45.73802],[4.84986,45.73791],[4.84993,45.73776],[4.84998,45.73764],[4.85003,45.73751],[4.85008,45.73737],[4.85012,45.73721],[4.85015,45.7371],[4.85017,45.73697],[4.85021,45.73677],[4.85024,45.73655],[4.85026,45.73639],[4.85028,45.73613],[4.8503,45.73589],[4.85031,45.73565],[4.85031,45.73527],[4.8503,45.73503],[4.85029,45.73481],[4.85027,45.73457],[4.85023,45.73413],[4.85018,45.73352],[4.85015,45.7332],[4.85009,45.73274],[4.85003,45.7324],[4.84998,45.73221],[4.8499,45.73188],[4.84981,45.73161],[4.84971,45.73134],[4.84963,45.73112],[4.84957,45.73098],[4.84943,45.73068],[4.84926,45.73036],[4.84906,45.72998],[4.84878,45.72946],[4.84869,45.72931],[4.84861,45.72916],[4.84853,45.729],[4.84837,45.72866],[4.84829,45.72846],[4.84824,45.72833],[4.8482,45.72819],[4.84812,45.72794],[4.84811,45.72785],[4.84807,45.72763],[4.84806,45.7275],[4.84804,45.72734],[4.84803,45.72719],[4.84802,45.72703],[4.84802,45.72683],[4.84803,45.72664],[4.84804,45.72644],[4.84806,45.72628],[4.84808,45.7261],[4.8481,45.72592],[4.84814,45.72571],[4.84819,45.72549],[4.84823,45.72529],[4.84859,45.7239],[4.84869,45.72346],[4.84878,45.72312],[4.84883,45.72286],[4.84887,45.72262],[4.84894,45.72218],[4.849,45.72174],[4.849,45.72174],[4.84906,45.72139],[4.84914,45.72104],[4.84922,45.72062],[4.84927,45.72042],[4.84932,45.72022],[4.84937,45.72002],[4.84941,45.71988],[4.84946,45.71974],[4.84951,45.71962],[4.84956,45.71951],[4.84962,45.71938],[4.84971,45.71922],[4.84975,45.71914],[4.84982,45.71904],[4.84992,45.71889],[4.85002,45.71875],[4.85015,45.7186],[4.85028,45.71845],[4.85048,45.71824],[4.85065,45.71808],[4.85081,45.71793],[4.85098,45.71779],[4.85127,45.71755],[4.85157,45.71732],[4.85188,45.71709],[4.85219,45.71688],[4.85272,45.71655],[4.85335,45.71623],[4.85407,45.71591],[4.85477,45.71562],[4.85514,45.71548],[4.85566,45.7153],[4.85606,45.71519],[4.85648,45.71508],[4.85695,45.71499],[4.85755,45.71488],[4.85872,45.71468],[4.85933,45.71458],[4.85933,45.71458],[4.85972,45.71451],[4.86081,45.7143],[4.86228,45.71401],[4.86232,45.71401],[4.86232,45.71401],[4.86298,45.71388],[4.86362,45.71375],[4.86637,45.71314],[4.86672,45.71306],[4.86874,45.71262],[4.86943,45.71245],[4.86969,45.71238],[4.86992,45.71231],[4.87017,45.71224],[4.87049,45.71214],[4.87078,45.71205],[4.87117,45.71191],[4.87149,45.7118],[4.87181,45.71168],[4.87217,45.71154],[4.87247,45.71143],[4.87327,45.7111],[4.87398,45.7108],[4.87521,45.71028],[4.87605,45.70993],[4.87819,45.70908],[4.87981,45.70843],[4.88067,45.70809],[4.8814,45.70781],[4.88233,45.70745],[4.88415,45.70672],[4.88535,45.70624],[4.88544,45.7062],[4.88607,45.70595],[4.88646,45.7058],[4.88698,45.7056],[4.88713,45.70555],[4.88739,45.70545],[4.88811,45.7052],[4.88878,45.70494],[4.88935,45.70471],[4.88962,45.70461],[4.89005,45.70443],[4.89039,45.70429],[4.89057,45.70422],[4.89086,45.70411],[4.89216,45.70357],[4.89348,45.70304],[4.89391,45.70286],[4.89461,45.70259],[4.89519,45.70235],[4.89575,45.70213],[4.89609,45.70199],[4.89699,45.70163],[4.89767,45.70135],[4.89907,45.70079],[4.89961,45.70058],[4.90016,45.70035],[4.90149,45.69981],[4.90173,45.6997],[4.90173,45.6997],[4.90401,45.69877],[4.90412,45.69872],[4.90449,45.69857],[4.90545,45.69817],[4.90545,45.69817],[4.90589,45.69799],[4.90793,45.69715],[4.90805,45.6971],[4.90826,45.69701],[4.9088,45.69679],[4.91049,45.69611],[4.91239,45.69535],[4.91415,45.69464],[4.91534,45.69416],[4.91624,45.69381],[4.91984,45.69235],[4.92297,45.69109],[4.92921,45.68858],[4.93125,45.68776],[4.93205,45.68744],[4.93334,45.68692],[4.93361,45.68681],[4.93455,45.68644],[4.93703,45.68544],[4.93729,45.68534],[4.93729,45.68534],[4.93814,45.68499],[4.93997,45.68426],[4.94152,45.68363],[4.94216,45.68339],[4.94275,45.68318],[4.94355,45.68292],[4.94428,45.6827],[4.94474,45.68257],[4.94523,45.68244],[4.9461,45.68223],[4.94772,45.68187],[4.94965,45.68143],[4.95259,45.68078],[4.95582,45.68005],[4.95905,45.67933],[4.9595,45.67923],[4.9595,45.67923],[4.96008,45.67911],[4.96043,45.67903],[4.96442,45.67813],[4.96862,45.67719],[4.97622,45.67548],[4.98384,45.67377],[4.98403,45.67373],[4.99106,45.67216],[5.00142,45.66985],[5.00181,45.66976],[5.00636,45.66873],[5.0157,45.66664],[5.02158,45.66532],[5.03278,45.66281],[5.04501,45.66006],[5.04909,45.65915],[5.05645,45.65749],[5.05683,45.6574],[5.05683,45.6574],[5.05879,45.65698],[5.05953,45.65682],[5.06009,45.65669],[5.06152,45.65639],[5.06252,45.65619],[5.0636,45.65599],[5.06565,45.65565],[5.0672,45.65537],[5.06848,45.65509],[5.06959,45.65482],[5.07018,45.65465],[5.07076,45.65448],[5.07138,45.65427],[5.0718,45.65412],[5.07222,45.65396],[5.07295,45.65368],[5.07331,45.65353],[5.07369,45.65337],[5.07412,45.65317],[5.07456,45.65297],[5.07498,45.65275],[5.07542,45.65252],[5.07589,45.65226],[5.07635,45.652],[5.07681,45.65172],[5.07727,45.65143],[5.0776,45.65121],[5.07793,45.65098],[5.07826,45.65074],[5.07859,45.65048],[5.07905,45.65012],[5.07926,45.64994],[5.08005,45.64924],[5.08042,45.64889],[5.08078,45.64852],[5.08112,45.64815],[5.08146,45.64775],[5.08179,45.64735],[5.08213,45.64691],[5.08215,45.64687],[5.08234,45.6466],[5.0825,45.64637],[5.08267,45.64611],[5.0828,45.64592],[5.08296,45.64565],[5.08321,45.6452],[5.08352,45.64462],[5.08381,45.64401],[5.08401,45.64359],[5.08407,45.64347],[5.08439,45.64278],[5.08472,45.64209],[5.08576,45.63984],[5.08576,45.63984],[5.08593,45.63946],[5.0861,45.6391],[5.08629,45.63866],[5.08696,45.63715],[5.08725,45.63649],[5.08753,45.63579],[5.08781,45.63507],[5.08808,45.63429],[5.08835,45.63343],[5.08873,45.63204],[5.0889,45.63126],[5.08895,45.63101],[5.089,45.63074],[5.08903,45.63057],[5.08908,45.63027],[5.08916,45.62979],[5.0892,45.62952],[5.08924,45.62919],[5.0893,45.62867],[5.08936,45.62802],[5.0894,45.62745],[5.08942,45.627],[5.08943,45.62653],[5.08945,45.62554],[5.08945,45.62535],[5.08945,45.62482],[5.08945,45.6243],[5.08946,45.62251],[5.08947,45.62159],[5.08948,45.6207],[5.08948,45.62037],[5.08949,45.62002],[5.08952,45.61952],[5.08955,45.61906],[5.08957,45.61869],[5.08963,45.61815],[5.08969,45.61764],[5.08974,45.61727],[5.08981,45.61678],[5.08991,45.61622],[5.08998,45.61586],[5.09006,45.61549],[5.09014,45.6151],[5.09028,45.61454],[5.09043,45.61399],[5.09062,45.61331],[5.0907,45.61306],[5.09084,45.61265],[5.09097,45.61225],[5.09112,45.61185],[5.09127,45.61146],[5.09141,45.6111],[5.09155,45.61074],[5.09187,45.61003],[5.09218,45.60936],[5.09251,45.60869],[5.09287,45.60801],[5.09325,45.60733],[5.09366,45.60663],[5.0941,45.60594],[5.09445,45.60541],[5.09471,45.60504],[5.09509,45.60451],[5.0955,45.60395],[5.09595,45.60337],[5.0964,45.60279],[5.09753,45.60137],[5.09866,45.59995],[5.09918,45.59928],[5.09971,45.59861],[5.10005,45.59817],[5.10039,45.59771],[5.10071,45.59728],[5.10105,45.59679],[5.10143,45.59623],[5.1021,45.5952],[5.10249,45.59457],[5.10285,45.59396],[5.10327,45.5932],[5.10354,45.59269],[5.10358,45.59262],[5.10375,45.59228],[5.104,45.59178],[5.10425,45.59126],[5.10473,45.59019],[5.10511,45.58924],[5.10544,45.58834],[5.10575,45.58744],[5.10595,45.5868],[5.10616,45.58607],[5.10629,45.58558],[5.10646,45.5849],[5.10661,45.5842],[5.10676,45.58344],[5.10684,45.58302],[5.10689,45.58269],[5.10695,45.5823],[5.10701,45.58183],[5.10706,45.58144],[5.10709,45.58118],[5.10714,45.58068],[5.10714,45.58065],[5.10716,45.5804],[5.10719,45.57996],[5.10723,45.57934],[5.10725,45.57869],[5.10726,45.57819],[5.10726,45.57769],[5.10725,45.57693],[5.10723,45.57654],[5.10719,45.5759],[5.10713,45.57514],[5.10709,45.57475],[5.10704,45.57426],[5.10696,45.57371],[5.10681,45.57273],[5.10673,45.57229],[5.10664,45.57184],[5.10654,45.57138],[5.10643,45.5709],[5.1062,45.56999],[5.10607,45.56951],[5.10592,45.56901],[5.10563,45.56807],[5.10533,45.56712],[5.10517,45.56661],[5.10501,45.56611],[5.10484,45.56559],[5.10462,45.56486],[5.10422,45.56361],[5.10408,45.56316],[5.10394,45.56271],[5.10394,45.56271],[5.10377,45.56218],[5.10353,45.56143],[5.10331,45.56075],[5.10315,45.56022],[5.10284,45.55925],[5.10257,45.55838],[5.10227,45.55751],[5.10197,45.55668],[5.10166,45.5559],[5.10132,45.55513],[5.10114,45.55473],[5.10096,45.55435],[5.10076,45.55393],[5.10055,45.55352],[5.10033,45.55311],[5.1001,45.55269],[5.09986,45.55227],[5.09961,45.55185],[5.09936,45.55144],[5.0991,45.55104],[5.09886,45.55067],[5.09861,45.5503],[5.09836,45.54994],[5.09809,45.54957],[5.0978,45.54918],[5.0975,45.54878],[5.09719,45.54839],[5.09688,45.548],[5.09624,45.54724],[5.09557,45.54649],[5.09525,45.54614],[5.09494,45.54582],[5.09464,45.54552],[5.09431,45.54518],[5.09398,45.54485],[5.09364,45.54453],[5.0933,45.5442],[5.09296,45.5439],[5.09262,45.54359],[5.09225,45.54326],[5.09186,45.54293],[5.09145,45.54259],[5.09092,45.54215],[5.09061,45.54191],[5.09019,45.54158],[5.08974,45.54125],[5.08929,45.54091],[5.08881,45.54057],[5.08841,45.54029],[5.08791,45.53996],[5.08768,45.5398],[5.0875,45.53967],[5.08661,45.5391],[5.08544,45.53835],[5.08458,45.5378],[5.08413,45.53751],[5.08331,45.53698],[5.08287,45.53668],[5.08267,45.53654],[5.08263,45.53652],[5.08243,45.53638],[5.08198,45.53606],[5.08152,45.53574],[5.08107,45.5354],[5.08065,45.53509],[5.08023,45.53477],[5.07982,45.53444],[5.07941,45.5341],[5.07899,45.53376],[5.07864,45.53345],[5.07822,45.53309],[5.07781,45.53272],[5.07742,45.53236],[5.07705,45.53201],[5.07667,45.53164],[5.07639,45.53136],[5.07605,45.53102],[5.07573,45.53069],[5.07538,45.53031],[5.07503,45.52992],[5.07474,45.52959],[5.07441,45.52921],[5.07407,45.52881],[5.07376,45.52843],[5.07349,45.52808],[5.07321,45.52772],[5.07298,45.52741],[5.07272,45.52706],[5.0725,45.52676],[5.07228,45.52644],[5.072,45.52604],[5.07174,45.52564],[5.07148,45.52523],[5.07124,45.52483],[5.07101,45.52445],[5.07077,45.52403],[5.07053,45.52361],[5.07031,45.5232],[5.0701,45.52278],[5.06989,45.52236],[5.06969,45.52194],[5.0695,45.52152],[5.06931,45.52109],[5.06913,45.52066],[5.06896,45.52024],[5.06881,45.51984],[5.06867,45.51946],[5.06841,45.51868],[5.06828,45.51827],[5.06817,45.51788],[5.06805,45.51748],[5.06795,45.51708],[5.06784,45.51665],[5.06774,45.51622],[5.06765,45.51577],[5.06757,45.51533],[5.06748,45.51488],[5.0674,45.51439],[5.06724,45.51344],[5.06708,45.51248],[5.06698,45.51198],[5.06696,45.51186],[5.06693,45.5117],[5.06691,45.51159],[5.06683,45.5112],[5.06673,45.51072],[5.06663,45.51031],[5.06653,45.50987],[5.06641,45.50943],[5.06629,45.509],[5.06617,45.50858],[5.06605,45.50817],[5.06578,45.50734],[5.06549,45.50652],[5.06529,45.50599],[5.06509,45.50547],[5.06475,45.50465],[5.06443,45.50394],[5.06424,45.50354],[5.06396,45.50295],[5.06368,45.50239],[5.06353,45.50211],[5.06326,45.5016],[5.06276,45.50072],[5.06233,45.49999],[5.06202,45.49949],[5.06166,45.49894],[5.06088,45.49778],[5.06039,45.4971],[5.05989,45.49643],[5.05945,45.49587],[5.05881,45.49506],[5.058,45.49409],[5.0572,45.4931],[5.05648,45.49223],[5.05575,45.49135],[5.05512,45.49058],[5.05456,45.48989],[5.054,45.48921],[5.05308,45.48809],[5.05259,45.4875],[5.05215,45.48696],[5.05184,45.48657],[5.05156,45.48622],[5.05128,45.48586],[5.05085,45.48527],[5.05042,45.48469],[5.05017,45.48431],[5.04992,45.48394],[5.04968,45.48357],[5.04944,45.48319],[5.04918,45.48276],[5.04892,45.48232],[5.0485,45.48157],[5.04811,45.48081],[5.04788,45.48035],[5.04767,45.47989],[5.04745,45.47942],[5.04725,45.47895],[5.04688,45.47801],[5.04672,45.47756],[5.04656,45.47709],[5.04642,45.47667],[5.04629,45.47624],[5.04616,45.47581],[5.04604,45.47536],[5.04584,45.47454],[5.04574,45.47406],[5.04564,45.47357],[5.04549,45.47274],[5.04538,45.47191],[5.04533,45.47145],[5.04528,45.47098],[5.04524,45.47043],[5.0452,45.46988],[5.04514,45.46852],[5.04513,45.46824],[5.04511,45.46787],[5.04508,45.46735],[5.04506,45.46704],[5.04503,45.46655],[5.04497,45.46583],[5.04489,45.46512],[5.04477,45.4643],[5.0447,45.4639],[5.04463,45.46348],[5.04447,45.46271],[5.04429,45.46195],[5.04407,45.46118],[5.04383,45.46039],[5.04362,45.45968],[5.04316,45.45844],[5.04273,45.45748],[5.04221,45.45653],[5.04156,45.45545],[5.03819,45.45028],[5.0337,45.44525],[5.03266,45.44411],[5.03237,45.44378],[5.03194,45.44331],[5.03146,45.44277],[5.03126,45.44255],[5.03072,45.44191],[5.03031,45.44143],[5.02991,45.44094],[5.02948,45.4404],[5.02927,45.44014],[5.02906,45.43986],[5.02867,45.43933],[5.02844,45.43903],[5.02819,45.43869],[5.02777,45.43808],[5.02743,45.43758],[5.0272,45.43725],[5.027,45.43693],[5.02664,45.43636],[5.02602,45.43535],[5.02566,45.43474],[5.02534,45.43418],[5.02531,45.43411],[5.02474,45.43311],[5.02437,45.43245],[5.024,45.43181],[5.02247,45.42908],[5.02112,45.42669],[5.02107,45.42659],[5.02053,45.42565],[5.01984,45.42441],[5.0189,45.42276],[5.01808,45.4213],[5.01745,45.42017],[5.01708,45.41953],[5.01604,45.41768],[5.01468,45.41525],[5.01382,45.41374],[5.01326,45.41275],[5.01293,45.41216],[5.01259,45.41156],[5.01076,45.4083],[5.00983,45.40666],[5.00891,45.40502],[5.00799,45.40338],[5.00707,45.40174],[5.0066,45.40092],[5.00614,45.4001],[5.00553,45.39897],[5.00525,45.39841],[5.00516,45.39824],[5.00485,45.3976],[5.00456,45.39697],[5.00431,45.39638],[5.00406,45.39578],[5.00382,45.39519],[5.0036,45.39459],[5.00339,45.39401],[5.00329,45.39369],[5.00314,45.39324],[5.00293,45.39256],[5.00269,45.39171],[5.00248,45.39088],[5.00238,45.39045],[5.00229,45.39002],[5.00212,45.38919],[5.002,45.38849],[5.00193,45.38807],[5.00188,45.38766],[5.00178,45.38681],[5.00173,45.38639],[5.0017,45.38596],[5.00166,45.3854],[5.00163,45.38495],[5.00161,45.38438],[5.0016,45.38383],[5.00159,45.38336],[5.0016,45.38264],[5.00163,45.38193],[5.00167,45.38122],[5.0017,45.38085],[5.00174,45.38032],[5.00183,45.37953],[5.00187,45.37925],[5.00191,45.37898],[5.00199,45.37841],[5.00206,45.37797],[5.00215,45.3775],[5.00222,45.37712],[5.0024,45.37627],[5.00268,45.37506],[5.00318,45.37297],[5.00326,45.37262],[5.00348,45.3717],[5.0036,45.3712],[5.00406,45.36923],[5.00424,45.36838],[5.00438,45.36761],[5.00451,45.36684],[5.0046,45.36619],[5.00468,45.36549],[5.00473,45.36499],[5.00477,45.36449],[5.00481,45.36393],[5.00484,45.36324],[5.00486,45.36291],[5.00486,45.36255],[5.00487,45.36209],[5.00486,45.36158],[5.00485,45.3611],[5.00483,45.36061],[5.00478,45.35979],[5.00475,45.35937],[5.00471,45.35895],[5.00462,45.35814],[5.00457,45.35772],[5.0045,45.3573],[5.00438,45.35655],[5.00424,45.35579],[5.00402,45.35481],[5.004,45.35473],[5.00391,45.35432],[5.00364,45.35331],[5.00334,45.35231],[5.00314,45.35169],[5.00295,45.35116],[5.00279,45.35072],[5.00246,45.34986],[5.00216,45.34913],[5.0019,45.34853],[5.00165,45.34799],[5.00137,45.34741],[5.00117,45.34699],[5.00097,45.34661],[5.00057,45.34585],[5.00016,45.3451],[4.99994,45.3447],[4.99963,45.34416],[4.99933,45.34362],[4.99917,45.34334],[4.99861,45.34234],[4.99813,45.34148],[4.99706,45.33957],[4.99669,45.33891],[4.99632,45.33823],[4.99572,45.33718],[4.99498,45.33587],[4.99449,45.33499],[4.99449,45.33499],[4.99377,45.33372],[4.99316,45.33263],[4.9924,45.33128],[4.99214,45.3308],[4.99184,45.33029],[4.99156,45.32977],[4.9906,45.32804],[4.99011,45.32716],[4.98964,45.3263],[4.98918,45.32542],[4.98888,45.32481],[4.98873,45.32449],[4.98857,45.32414],[4.98828,45.32351],[4.9881,45.32312],[4.98793,45.32271],[4.98755,45.32183],[4.98564,45.31708],[4.98528,45.31619],[4.98502,45.31555],[4.98474,45.31485],[4.98445,45.31415],[4.98438,45.31398],[4.98388,45.31272],[4.98355,45.31188],[4.98339,45.31148],[4.98299,45.31052],[4.98255,45.30944],[4.98215,45.30845],[4.98203,45.30812],[4.9816,45.30708],[4.98129,45.30632],[4.98087,45.30534],[4.98076,45.30506],[4.97964,45.30256],[4.97861,45.30039],[4.97836,45.29986],[4.97737,45.29777],[4.97718,45.29737],[4.97658,45.29609],[4.97632,45.29554],[4.97617,45.29522],[4.97578,45.29439],[4.97557,45.29395],[4.97536,45.29351],[4.97522,45.29321],[4.97444,45.29156],[4.97414,45.29093],[4.97365,45.28986],[4.97319,45.2889],[4.97283,45.28814],[4.97228,45.287],[4.9717,45.28585],[4.9713,45.28511],[4.97049,45.28366],[4.96951,45.28211],[4.96877,45.28101],[4.96816,45.28013],[4.96753,45.27927],[4.96669,45.27813],[4.96664,45.27806],[4.96545,45.27644],[4.96416,45.27472],[4.9631,45.27328],[4.96219,45.27206],[4.96131,45.27083],[4.96074,45.27003],[4.96021,45.26924],[4.95993,45.26883],[4.95973,45.26852],[4.95919,45.26765],[4.95821,45.26594],[4.95773,45.26506],[4.95729,45.26419],[4.95688,45.26333],[4.9565,45.26249],[4.95614,45.26164],[4.9558,45.26082],[4.95549,45.25999],[4.955,45.25868],[4.95454,45.25736],[4.95385,45.25544],[4.95219,45.25073],[4.95078,45.24692],[4.94683,45.2357],[4.94477,45.23139],[4.94291,45.2288],[4.94184,45.22725],[4.9403,45.22525],[4.93949,45.22424],[4.93862,45.22327],[4.93772,45.22227],[4.93717,45.22169],[4.93617,45.22063],[4.93527,45.21969],[4.93434,45.21873],[4.93386,45.21823],[4.93337,45.21773],[4.93256,45.21687],[4.93172,45.21599],[4.93158,45.21585],[4.92992,45.21413],[4.92908,45.21324],[4.92828,45.21233],[4.92741,45.21132],[4.92657,45.21028],[4.92614,45.20974],[4.92574,45.20921],[4.92533,45.20868],[4.92492,45.20809],[4.92452,45.20753],[4.92417,45.20702],[4.9237,45.2063],[4.92304,45.20526],[4.92282,45.20489],[4.92261,45.20452],[4.92229,45.20397],[4.92198,45.20342],[4.92163,45.20276],[4.92139,45.2023],[4.92105,45.20165],[4.92073,45.20099],[4.92058,45.20067],[4.92043,45.20032],[4.92012,45.19963],[4.91984,45.19897],[4.91956,45.1983],[4.91928,45.19752],[4.91902,45.19681],[4.91873,45.19595],[4.91838,45.19481],[4.91826,45.19439],[4.91764,45.19198],[4.9174,45.19071],[4.91714,45.1891],[4.91696,45.18749],[4.9169,45.18691],[4.91683,45.18586],[4.91677,45.18469],[4.91678,45.18392],[4.91679,45.18316],[4.91681,45.18237],[4.91684,45.1816],[4.91691,45.18074],[4.91694,45.18036],[4.91702,45.1796],[4.91715,45.17862],[4.91729,45.17764],[4.91745,45.17673],[4.9177,45.17552],[4.91798,45.1743],[4.91827,45.1731],[4.91841,45.17251],[4.91844,45.17239],[4.91865,45.17151],[4.91889,45.17052],[4.91914,45.16948],[4.91943,45.16829],[4.91978,45.16685],[4.9201,45.16548],[4.92037,45.16441],[4.92067,45.16316],[4.92084,45.16243],[4.92084,45.16243],[4.9211,45.16138],[4.92149,45.15978],[4.92177,45.15858],[4.92206,45.15741],[4.92236,45.15618],[4.92264,45.15497],[4.92296,45.15366],[4.92314,45.15293],[4.92314,45.15293],[4.92353,45.15132],[4.9239,45.14979],[4.92404,45.14923],[4.92416,45.14874],[4.9242,45.14858],[4.92432,45.14808],[4.92458,45.14697],[4.92485,45.14586],[4.92513,45.1447],[4.92527,45.14409],[4.92542,45.14348],[4.92556,45.14288],[4.92575,45.14212],[4.92578,45.14199],[4.92597,45.14121],[4.92638,45.1395],[4.92657,45.13872],[4.92697,45.13719],[4.92722,45.13625],[4.92736,45.13579],[4.92751,45.13533],[4.92782,45.13438],[4.92822,45.13329],[4.92859,45.13234],[4.92882,45.13177],[4.92929,45.13068],[4.9298,45.12961],[4.93098,45.12732],[4.93199,45.12547],[4.93223,45.12504],[4.93276,45.12407],[4.93352,45.12268],[4.93366,45.12242],[4.93417,45.12141],[4.93466,45.12039],[4.93545,45.1186],[4.93579,45.11773],[4.93614,45.1168],[4.93636,45.11617],[4.93661,45.11543],[4.93687,45.11456],[4.93712,45.11368],[4.93736,45.11275],[4.93758,45.11181],[4.9377,45.11125],[4.93783,45.1106],[4.93795,45.10995],[4.9381,45.10905],[4.93852,45.10634],[4.9388,45.10454],[4.93911,45.10274],[4.93927,45.102],[4.93935,45.10163],[4.93944,45.10125],[4.93983,45.09976],[4.94008,45.09893],[4.94033,45.09809],[4.94061,45.09727],[4.9409,45.09644],[4.94114,45.09584],[4.94138,45.09523],[4.94164,45.09456],[4.94179,45.09422],[4.94195,45.09389],[4.94257,45.09253],[4.94292,45.09185],[4.94324,45.09122],[4.94343,45.09087],[4.94407,45.08972],[4.94474,45.08861],[4.94477,45.08856],[4.94574,45.087],[4.94637,45.08597],[4.94644,45.08586],[4.94696,45.08503],[4.94736,45.08439],[4.94775,45.08375],[4.94806,45.08325],[4.94843,45.08263],[4.94879,45.082],[4.94909,45.08146],[4.94933,45.08101],[4.9496,45.08048],[4.94985,45.08],[4.95021,45.07926],[4.95069,45.07823],[4.95114,45.07718],[4.95147,45.07636],[4.95165,45.07588],[4.95187,45.0753],[4.95225,45.07417],[4.9528,45.07236],[4.95309,45.07124],[4.95336,45.07011],[4.9535,45.06942],[4.95362,45.06873],[4.95374,45.06804],[4.95381,45.0676],[4.95387,45.06714],[4.95393,45.06668],[4.95398,45.06622],[4.95408,45.06538],[4.95417,45.06436],[4.95429,45.06309],[4.95449,45.06087],[4.95461,45.05976],[4.95474,45.05865],[4.95484,45.05802],[4.95492,45.05753],[4.9551,45.05649],[4.95544,45.05496],[4.95566,45.05415],[4.95589,45.05331],[4.95616,45.05243],[4.95646,45.05152],[4.95667,45.05093],[4.95713,45.04975],[4.95751,45.04884],[4.95793,45.04789],[4.95815,45.04742],[4.95866,45.04638],[4.95916,45.04544],[4.95969,45.0445],[4.96019,45.04365],[4.96059,45.04301],[4.96098,45.04243],[4.96152,45.04163],[4.96228,45.04055],[4.96296,45.03962],[4.96389,45.03844],[4.96511,45.03698],[4.96666,45.03517],[4.96731,45.03438],[4.96795,45.03358],[4.96847,45.0329],[4.9689,45.03232],[4.96932,45.03174],[4.96965,45.03126],[4.97013,45.03055],[4.97051,45.02996],[4.97088,45.02938],[4.9716,45.02816],[4.97213,45.0272],[4.97287,45.02578],[4.97362,45.02416],[4.97367,45.02406],[4.97391,45.02348],[4.97432,45.02244],[4.97471,45.02138],[4.97515,45.02007],[4.97554,45.01873],[4.97572,45.01803],[4.97586,45.01743],[4.97606,45.01649],[4.97621,45.01572],[4.97634,45.01493],[4.97653,45.01362],[4.97656,45.01329],[4.97665,45.01249],[4.97672,45.01175],[4.9768,45.01096],[4.97691,45.00973],[4.97691,45.00973],[4.97707,45.00798],[4.97715,45.00707],[4.97755,45.00257],[4.97778,45.00003],[4.97787,44.9991],[4.97787,44.9991],[4.97797,44.99791],[4.97814,44.99622],[4.97825,44.99492],[4.9784,44.99361],[4.97849,44.99291],[4.97866,44.99196],[4.9788,44.99101],[4.9789,44.99036],[4.97903,44.98968],[4.97915,44.98903],[4.97934,44.988],[4.97948,44.98727],[4.97961,44.98655],[4.9799,44.98498],[4.98058,44.98132],[4.98075,44.98043],[4.98075,44.98043],[4.98103,44.97894],[4.98122,44.9779],[4.98135,44.97722],[4.98151,44.97637],[4.98167,44.97549],[4.98183,44.97461],[4.98199,44.97381],[4.98215,44.97301],[4.98224,44.97258],[4.98239,44.97187],[4.98256,44.97116],[4.98274,44.97048],[4.98294,44.96974],[4.98314,44.96906],[4.98334,44.96839],[4.98379,44.96704],[4.98397,44.96651],[4.98413,44.96607],[4.98423,44.9658],[4.9845,44.9651],[4.98479,44.96438],[4.98539,44.96296],[4.98586,44.96195],[4.98634,44.96096],[4.98684,44.95997],[4.98737,44.95897],[4.98807,44.95774],[4.98882,44.95649],[4.98976,44.95504],[4.98987,44.95487],[4.99064,44.95371],[4.9908,44.95345],[4.99303,44.95014],[4.99481,44.94742],[4.99532,44.9466],[4.99581,44.94577],[4.99623,44.94505],[4.99675,44.94411],[4.99715,44.94337],[4.99771,44.94229],[4.99816,44.94138],[4.99859,44.94046],[4.99893,44.93969],[4.99911,44.9393],[4.99928,44.9389],[4.99978,44.93766],[4.99997,44.93715],[5.00025,44.93642],[5.00057,44.93553],[5.00098,44.93426],[5.00126,44.93337],[5.00153,44.93241],[5.00156,44.93228],[5.00169,44.93184],[5.00188,44.93108],[5.00198,44.93068],[5.00207,44.93029],[5.00223,44.92956],[5.00241,44.92873],[5.00255,44.92799],[5.00273,44.9269],[5.00285,44.92614],[5.00299,44.92509],[5.00307,44.92442],[5.00312,44.92397],[5.00315,44.92359],[5.00319,44.92318],[5.00323,44.92256],[5.00328,44.92189],[5.00332,44.92111],[5.00334,44.92035],[5.00336,44.91957],[5.00336,44.91878],[5.00334,44.91742],[5.0033,44.91602],[5.00314,44.91092],[5.00314,44.91076],[5.00299,44.90586],[5.00294,44.90429],[5.00293,44.90379],[5.00293,44.90338],[5.00293,44.90249],[5.00294,44.90161],[5.00297,44.90057],[5.00298,44.90005],[5.00302,44.8992],[5.00308,44.89834],[5.00315,44.89749],[5.00322,44.89663],[5.00337,44.89493],[5.00344,44.89408],[5.00352,44.89321],[5.00353,44.89301],[5.00362,44.89201],[5.00365,44.89172],[5.00413,44.88618],[5.00416,44.88579],[5.00423,44.88509],[5.00426,44.8847],[5.0043,44.88421],[5.00433,44.88372],[5.00434,44.88356],[5.00439,44.88274],[5.00443,44.8819],[5.00445,44.8811],[5.00446,44.88027],[5.00445,44.87902],[5.00442,44.87779],[5.00437,44.87655],[5.00431,44.87531],[5.00419,44.87284],[5.0041,44.87073],[5.00406,44.86996],[5.00401,44.86873],[5.00395,44.86746],[5.00394,44.86733],[5.00379,44.86373],[5.00372,44.86238],[5.00362,44.86013],[5.00357,44.85913],[5.00353,44.85802],[5.0035,44.85746],[5.00349,44.8569],[5.00348,44.85609],[5.00348,44.85529],[5.00349,44.85467],[5.00349,44.85455],[5.00353,44.85366],[5.00359,44.85261],[5.00367,44.85154],[5.00373,44.85084],[5.0039,44.84941],[5.00412,44.84787],[5.00423,44.8471],[5.00436,44.84631],[5.0049,44.84309],[5.00492,44.84292],[5.00522,44.84111],[5.00541,44.83996],[5.00543,44.83988],[5.00566,44.83845],[5.00578,44.83773],[5.0059,44.83701],[5.00602,44.83627],[5.00615,44.83546],[5.00627,44.83475],[5.00637,44.83411],[5.00647,44.83353],[5.00656,44.83289],[5.00663,44.83246],[5.00669,44.83207],[5.00671,44.83195],[5.00676,44.83153],[5.00685,44.83094],[5.0069,44.8305],[5.00692,44.83034],[5.00702,44.82956],[5.00712,44.82872],[5.00728,44.82709],[5.00733,44.82657],[5.00737,44.82604],[5.00742,44.82533],[5.00747,44.82459],[5.0075,44.8242],[5.00752,44.82381],[5.00757,44.82296],[5.00761,44.82208],[5.00764,44.82119],[5.00766,44.82034],[5.00768,44.81944],[5.00769,44.81859],[5.00769,44.81779],[5.00767,44.81689],[5.00767,44.81644],[5.00766,44.816],[5.00763,44.81511],[5.0076,44.81422],[5.00756,44.81337],[5.00753,44.81256],[5.0075,44.81196],[5.00747,44.81134],[5.00746,44.81115],[5.00743,44.81045],[5.00737,44.80922],[5.00732,44.8081],[5.00728,44.80728],[5.00727,44.80701],[5.00727,44.80694],[5.00724,44.8063],[5.00723,44.80606],[5.00718,44.80496],[5.00715,44.8043],[5.00712,44.80363],[5.0071,44.80334],[5.00709,44.80305],[5.00708,44.80274],[5.00708,44.80274],[5.00701,44.80139],[5.007,44.80096],[5.007,44.8009],[5.00696,44.80007],[5.00692,44.79937],[5.00689,44.79878],[5.00689,44.79865],[5.00685,44.7976],[5.00681,44.79675],[5.00677,44.79595],[5.00676,44.79577],[5.00673,44.79512],[5.00669,44.79423],[5.00667,44.7938],[5.00665,44.79339],[5.00662,44.79257],[5.0066,44.79216],[5.00658,44.79177],[5.00656,44.79137],[5.00654,44.79099],[5.00651,44.7902],[5.00649,44.78979],[5.00647,44.78938],[5.00645,44.78894],[5.00643,44.78849],[5.00641,44.78805],[5.00639,44.78761],[5.00637,44.7872],[5.00635,44.7868],[5.00633,44.78639],[5.0063,44.78598],[5.00628,44.78558],[5.00625,44.78518],[5.00622,44.78477],[5.00619,44.78437],[5.00615,44.78396],[5.00612,44.78355],[5.00604,44.78282],[5.00599,44.78236],[5.00589,44.78154],[5.00583,44.78112],[5.00578,44.78069],[5.00562,44.77967],[5.00545,44.77866],[5.00531,44.77786],[5.00514,44.77699],[5.00497,44.77612],[5.00469,44.77487],[5.00441,44.77362],[5.00415,44.77246],[5.00346,44.76938],[5.00319,44.76822],[5.00274,44.76645],[5.00231,44.76493],[5.00184,44.76339],[5.00133,44.76188],[5.00081,44.76038],[4.99996,44.75826],[4.99989,44.75807],[4.99928,44.75665],[4.99832,44.75455],[4.99805,44.75398],[4.99739,44.75267],[4.99666,44.75127],[4.99369,44.74619],[4.99245,44.74431],[4.99204,44.74372],[4.99099,44.74223],[4.98982,44.74064],[4.98854,44.73899],[4.98798,44.7383],[4.9874,44.7376],[4.98677,44.73683],[4.98615,44.7361],[4.98574,44.73562],[4.98538,44.73519],[4.98482,44.73453],[4.98454,44.73418],[4.98394,44.73348],[4.98358,44.73305],[4.98194,44.73111],[4.98121,44.73026],[4.98065,44.72963],[4.98035,44.72927],[4.98013,44.72902],[4.97951,44.72834],[4.97912,44.72792],[4.97899,44.72778],[4.97844,44.7272],[4.97815,44.7269],[4.97786,44.7266],[4.97723,44.72596],[4.97661,44.72534],[4.97604,44.7248],[4.97568,44.72446],[4.97532,44.72412],[4.97488,44.72371],[4.97363,44.72258],[4.97272,44.72179],[4.97131,44.72063],[4.97059,44.72004],[4.96986,44.71946],[4.96916,44.71892],[4.96909,44.71887],[4.96791,44.71798],[4.9646,44.71557],[4.96453,44.71552],[4.96332,44.71465],[4.9607,44.71274],[4.95979,44.71207],[4.95891,44.71141],[4.95809,44.71077],[4.95728,44.71013],[4.95646,44.70946],[4.95566,44.70879],[4.95436,44.70768],[4.95429,44.70762],[4.95383,44.7072],[4.95334,44.70676],[4.9524,44.70588],[4.95146,44.70496],[4.95053,44.70404],[4.95007,44.70358],[4.94963,44.70312],[4.94921,44.70267],[4.94878,44.70221],[4.94839,44.70179],[4.948,44.70136],[4.94757,44.70087],[4.94752,44.70081],[4.9468,44.69998],[4.94616,44.69921],[4.94553,44.69843],[4.94489,44.6976],[4.94426,44.69678],[4.94388,44.69626],[4.9435,44.69574],[4.94311,44.6952],[4.94274,44.69465],[4.94227,44.69396],[4.94181,44.69328],[4.94093,44.69189],[4.9406,44.69132],[4.93607,44.68374],[4.93571,44.68313],[4.93027,44.67386],[4.9275,44.66923],[4.92578,44.66642],[4.92342,44.66319],[4.9228,44.66238],[4.92217,44.66157],[4.92119,44.66037],[4.92069,44.65978],[4.92018,44.65919],[4.9195,44.65842],[4.91885,44.65768],[4.91819,44.65693],[4.91796,44.65669],[4.91791,44.65663],[4.91722,44.65585],[4.91653,44.65507],[4.91545,44.65388],[4.9132,44.65132],[4.91254,44.65058],[4.91043,44.64819],[4.90941,44.64704],[4.90897,44.64651],[4.90765,44.64498],[4.90572,44.6427],[4.90359,44.64019],[4.90204,44.63836],[4.90196,44.63827],[4.90117,44.63732],[4.90101,44.63714],[4.89921,44.63502],[4.89898,44.63475],[4.89776,44.63331],[4.8944,44.62935],[4.89435,44.62929],[4.89149,44.62591],[4.89145,44.62586],[4.88849,44.62238],[4.88844,44.62231],[4.88751,44.62122],[4.88658,44.62011],[4.88596,44.61938],[4.88542,44.61875],[4.88489,44.61811],[4.88482,44.61803],[4.88456,44.61774],[4.8843,44.61742],[4.88367,44.61667],[4.88304,44.61594],[4.88241,44.6152],[4.88215,44.61489],[4.88182,44.61451],[4.88138,44.614],[4.88093,44.61348],[4.8805,44.61299],[4.88007,44.61249],[4.87946,44.61181],[4.87902,44.61131],[4.87857,44.61082],[4.87773,44.60985],[4.87713,44.60917],[4.87616,44.60807],[4.87513,44.60691],[4.87446,44.60616],[4.87446,44.60616],[4.87314,44.60466],[4.87314,44.60466],[4.87247,44.6039],[4.87184,44.60318],[4.87092,44.60215],[4.8703,44.60145],[4.86939,44.60042],[4.86873,44.59966],[4.86806,44.59889],[4.86799,44.59881],[4.86754,44.59829],[4.86691,44.59755],[4.86594,44.59638],[4.86572,44.59612],[4.86569,44.59608],[4.86545,44.59579],[4.86518,44.59546],[4.86453,44.59465],[4.86338,44.59319],[4.86177,44.59121],[4.85766,44.58607],[4.85631,44.58438],[4.85624,44.58429],[4.85458,44.58222],[4.8538,44.58123],[4.853,44.58025],[4.85143,44.57827],[4.85118,44.57796],[4.84902,44.57526],[4.84817,44.57418],[4.84801,44.57399],[4.84537,44.57069],[4.84469,44.56984],[4.84455,44.56966],[4.84273,44.56738],[4.84104,44.56526],[4.83973,44.56363],[4.83869,44.56232],[4.83804,44.56151],[4.83714,44.56038],[4.83669,44.55982],[4.83622,44.55926],[4.83488,44.55764],[4.83448,44.55719],[4.83378,44.55639],[4.83341,44.556],[4.83302,44.55557],[4.83233,44.55484],[4.83177,44.55426],[4.83123,44.55372],[4.83062,44.55311],[4.82994,44.55245],[4.82906,44.55162],[4.82819,44.55082],[4.82403,44.54708],[4.82026,44.5437],[4.81889,44.54247],[4.81826,44.54191],[4.81507,44.53905],[4.81408,44.53819],[4.81306,44.53733],[4.81235,44.53673],[4.81139,44.53596],[4.81039,44.53517],[4.80973,44.53467],[4.80905,44.53416],[4.80754,44.53304],[4.80724,44.53283],[4.80692,44.53259],[4.80613,44.53203],[4.80529,44.53141],[4.80489,44.53112],[4.80444,44.53079],[4.80372,44.53027],[4.80295,44.52969],[4.80219,44.5291],[4.8018,44.5288],[4.80141,44.52849],[4.80066,44.52789],[4.80014,44.52747],[4.79963,44.52705],[4.7989,44.52644],[4.79856,44.52614],[4.79825,44.52588],[4.79775,44.52544],[4.79728,44.52502],[4.79678,44.52457],[4.79634,44.52416],[4.7958,44.52367],[4.79542,44.5233],[4.79476,44.52267],[4.79409,44.52201],[4.79347,44.52139],[4.79307,44.52098],[4.79285,44.52075],[4.79226,44.52014],[4.79192,44.51977],[4.79128,44.51907],[4.7909,44.51865],[4.79045,44.51815],[4.78986,44.51746],[4.7893,44.51681],[4.78869,44.51607],[4.78831,44.5156],[4.78802,44.51524],[4.78767,44.51479],[4.78737,44.51441],[4.78702,44.51395],[4.78661,44.51341],[4.78617,44.5128],[4.78582,44.51232],[4.78555,44.51194],[4.78527,44.51154],[4.7849,44.511],[4.78442,44.51029],[4.78404,44.50969],[4.78375,44.50926],[4.78346,44.50878],[4.78322,44.50841],[4.78299,44.50802],[4.78283,44.50775],[4.78254,44.50727],[4.7822,44.50669],[4.78183,44.50602],[4.78145,44.50533],[4.78078,44.50407],[4.78031,44.50313],[4.77989,44.50225],[4.77959,44.50162],[4.7793,44.50098],[4.77897,44.50022],[4.77867,44.49955],[4.77832,44.49873],[4.77794,44.49786],[4.77794,44.49786],[4.77761,44.49708],[4.77758,44.49701],[4.77685,44.49532],[4.77661,44.49477],[4.77631,44.49407],[4.77593,44.49318],[4.77532,44.49176],[4.77495,44.49089],[4.77443,44.48969],[4.77408,44.48889],[4.77388,44.48842],[4.77368,44.48797],[4.77366,44.48791],[4.77343,44.48737],[4.7731,44.48661],[4.77302,44.48641],[4.77291,44.48616],[4.77266,44.4856],[4.77243,44.48504],[4.77239,44.48495],[4.77195,44.48393],[4.77159,44.48311],[4.77122,44.48224],[4.77068,44.48099],[4.77013,44.4797],[4.76984,44.47902],[4.76948,44.4782],[4.76913,44.47738],[4.76875,44.4765],[4.76847,44.47584],[4.76814,44.4751],[4.76784,44.4744],[4.76746,44.47355],[4.76706,44.47267],[4.76668,44.47184],[4.76628,44.47097],[4.7659,44.47015],[4.76551,44.46929],[4.7651,44.4684],[4.76474,44.46761],[4.76434,44.46674],[4.76395,44.46591],[4.76353,44.46499],[4.76252,44.46279],[4.76216,44.46201],[4.7615,44.46057],[4.76139,44.46033],[4.76073,44.4589],[4.75997,44.45724],[4.75908,44.4553],[4.75863,44.45433],[4.75818,44.45335],[4.75616,44.44895],[4.75588,44.44835],[4.75561,44.44775],[4.75371,44.4436],[4.75275,44.44153],[4.75228,44.44049],[4.75182,44.43952],[4.75146,44.43875],[4.7511,44.43801],[4.75072,44.43726],[4.75017,44.43617],[4.74959,44.43508],[4.74908,44.43413],[4.74823,44.43258],[4.7478,44.4318],[4.74743,44.43112],[4.74679,44.42996],[4.74609,44.42869],[4.74568,44.42792],[4.74526,44.42713],[4.74486,44.42635],[4.74448,44.42557],[4.74429,44.42517],[4.7441,44.42477],[4.74405,44.42467],[4.74382,44.42414],[4.7436,44.42365],[4.74348,44.42335],[4.74346,44.42331],[4.74301,44.4222],[4.7422,44.42011],[4.74096,44.41615],[4.74069,44.41513],[4.74049,44.41431],[4.74033,44.41356],[4.74016,44.41273],[4.74004,44.41212],[4.73992,44.41148],[4.73972,44.4102],[4.73954,44.40891],[4.73952,44.40871],[4.73928,44.4068],[4.73919,44.406],[4.739,44.40443],[4.73891,44.4036],[4.73886,44.40318],[4.73881,44.40274],[4.73876,44.40233],[4.7386,44.40102],[4.73844,44.39963],[4.73841,44.39943],[4.73827,44.39826],[4.73813,44.39707],[4.73783,44.39449],[4.73781,44.39434],[4.73773,44.39372],[4.73765,44.39309],[4.73756,44.39243],[4.73746,44.39172],[4.73743,44.39156],[4.73735,44.39109],[4.73725,44.39055],[4.73708,44.38974],[4.73699,44.38934],[4.73688,44.38888],[4.73685,44.38876],[4.73671,44.38821],[4.73656,44.38764],[4.7364,44.38708],[4.73623,44.38653],[4.73601,44.38584],[4.73579,44.3852],[4.73551,44.38445],[4.73531,44.38393],[4.73509,44.38337],[4.73499,44.38313],[4.73477,44.38261],[4.73451,44.38203],[4.73428,44.38152],[4.73399,44.38092],[4.7337,44.38034],[4.7334,44.37977],[4.7331,44.3792],[4.73278,44.37863],[4.73234,44.3779],[4.73158,44.37664],[4.73115,44.37597],[4.73069,44.37529],[4.73018,44.37456],[4.72965,44.37383],[4.7293,44.37338],[4.72894,44.37293],[4.72846,44.37232],[4.72822,44.37202],[4.72758,44.37126],[4.72687,44.37045],[4.7268,44.37038],[4.72645,44.36999],[4.72609,44.3696],[4.72575,44.36924],[4.7254,44.36887],[4.7249,44.36836],[4.72446,44.36793],[4.72402,44.3675],[4.72361,44.36712],[4.72314,44.36667],[4.7226,44.36619],[4.7221,44.36575],[4.72144,44.36518],[4.72124,44.36501],[4.72066,44.36452],[4.72019,44.36415],[4.7197,44.36375],[4.71874,44.363],[4.71826,44.36262],[4.71732,44.36189],[4.71719,44.36179],[4.71658,44.36131],[4.71628,44.36107],[4.71597,44.36082],[4.71552,44.36046],[4.71484,44.3599],[4.71436,44.3595],[4.71387,44.35908],[4.71341,44.35867],[4.71296,44.35827],[4.71251,44.35785],[4.71211,44.35748],[4.71195,44.35733],[4.71154,44.35693],[4.711,44.3564],[4.71061,44.356],[4.71035,44.35573],[4.7101,44.35547],[4.70972,44.35507],[4.70939,44.35471],[4.70903,44.35432],[4.70875,44.35399],[4.70845,44.35366],[4.70798,44.3531],[4.70755,44.35258],[4.70714,44.35207],[4.70673,44.35154],[4.70643,44.35116],[4.70582,44.35033],[4.70542,44.34976],[4.70508,44.34927],[4.70449,44.34839],[4.70395,44.34753],[4.70344,44.34668],[4.70305,44.34599],[4.70255,44.34508],[4.70221,44.34443],[4.70189,44.34379],[4.70154,44.34306],[4.70114,44.34215],[4.70077,44.34127],[4.70043,44.34039],[4.70009,44.33948],[4.69983,44.33871],[4.6996,44.33799],[4.69939,44.33726],[4.69918,44.33646],[4.69902,44.33584],[4.69892,44.33543],[4.69878,44.33478],[4.69866,44.33415],[4.69851,44.33336],[4.69845,44.33297],[4.69839,44.33258],[4.6983,44.33196],[4.69822,44.3313],[4.69816,44.33064],[4.6981,44.32994],[4.69804,44.32909],[4.69802,44.32831],[4.69801,44.328],[4.698,44.32732],[4.69801,44.32658],[4.69802,44.32611],[4.69804,44.32564],[4.69808,44.32494],[4.69811,44.32457],[4.69814,44.3242],[4.69823,44.32325],[4.69829,44.32278],[4.69836,44.32231],[4.69847,44.32154],[4.69863,44.32059],[4.69883,44.31949],[4.69903,44.3184],[4.69903,44.3184],[4.6992,44.31748],[4.6993,44.31692],[4.69952,44.31576],[4.69992,44.31361],[4.70038,44.31111],[4.70065,44.30966],[4.70087,44.30847],[4.70117,44.30686],[4.70118,44.3068],[4.70121,44.30664],[4.70121,44.30664],[4.70135,44.30586],[4.70166,44.30418],[4.70182,44.30333],[4.70197,44.30248],[4.70208,44.30174],[4.70217,44.30114],[4.70227,44.30043],[4.70232,44.29994],[4.70239,44.29922],[4.70246,44.2983],[4.70252,44.29722],[4.70254,44.29685],[4.70255,44.29648],[4.70256,44.29561],[4.70256,44.29522],[4.70255,44.29479],[4.70252,44.29386],[4.70247,44.29291],[4.70246,44.29284],[4.70241,44.29202],[4.7023,44.291],[4.70217,44.29],[4.70206,44.28927],[4.70191,44.28839],[4.70185,44.28804],[4.70178,44.28763],[4.70163,44.28697],[4.70147,44.28626],[4.70133,44.28567],[4.70112,44.28487],[4.7007,44.28338],[4.70062,44.28311],[4.70022,44.28186],[4.69992,44.28091],[4.69961,44.27995],[4.69921,44.27871],[4.69886,44.27764],[4.69866,44.27701],[4.69843,44.27631],[4.69743,44.2732],[4.69634,44.2698],[4.69601,44.26876],[4.69577,44.268],[4.69531,44.26653],[4.69493,44.26519],[4.69474,44.2645],[4.69441,44.26316],[4.69423,44.26239],[4.69407,44.2617],[4.69398,44.26125],[4.69371,44.26003],[4.69345,44.2588],[4.69314,44.25738],[4.69287,44.25608],[4.69277,44.25563],[4.69251,44.25436],[4.69223,44.2528],[4.69215,44.25236],[4.69203,44.25149],[4.69183,44.24989],[4.6918,44.24954],[4.6917,44.24833],[4.69161,44.24699],[4.69159,44.24634],[4.69156,44.24495],[4.69156,44.24365],[4.69157,44.24329],[4.69161,44.24232],[4.69167,44.24131],[4.69171,44.24079],[4.69174,44.24036],[4.69184,44.23936],[4.69189,44.23889],[4.69196,44.23837],[4.69206,44.23761],[4.69215,44.23698],[4.69225,44.23635],[4.69249,44.23501],[4.69264,44.23431],[4.69274,44.23382],[4.69285,44.23334],[4.69296,44.23285],[4.69309,44.23233],[4.69328,44.23162],[4.69356,44.23057],[4.69387,44.22954],[4.69413,44.22872],[4.69442,44.22789],[4.69459,44.22739],[4.69489,44.22656],[4.69525,44.22565],[4.69558,44.22483],[4.69596,44.22392],[4.69636,44.22304],[4.69683,44.22203],[4.69732,44.22102],[4.69771,44.22026],[4.69812,44.21944],[4.69817,44.21936],[4.69871,44.2183],[4.69917,44.21739],[4.70111,44.21361],[4.70201,44.21184],[4.70263,44.21064],[4.70323,44.20947],[4.70326,44.20941],[4.70334,44.20924],[4.7038,44.20835],[4.70383,44.2083],[4.70467,44.20665],[4.7047,44.2066],[4.70528,44.20546],[4.7062,44.20366],[4.70738,44.20136],[4.70813,44.19988],[4.70856,44.19904],[4.70916,44.19788],[4.70992,44.19638],[4.71068,44.19489],[4.71156,44.19318],[4.71244,44.19147],[4.71313,44.1901],[4.71385,44.18871],[4.7143,44.18786],[4.71476,44.18699],[4.71484,44.18685],[4.71525,44.18612],[4.71567,44.18538],[4.7161,44.18465],[4.71655,44.18391],[4.71719,44.1829],[4.71786,44.1819],[4.71852,44.18094],[4.71924,44.17993],[4.71928,44.17988],[4.7197,44.17932],[4.7201,44.17878],[4.72071,44.17801],[4.72099,44.17765],[4.72129,44.17727],[4.72203,44.17639],[4.72251,44.17581],[4.72302,44.17523],[4.72311,44.17512],[4.72363,44.17454],[4.72417,44.17395],[4.725,44.17306],[4.72585,44.17218],[4.7266,44.17144],[4.72669,44.17135],[4.72727,44.17078],[4.72885,44.1693],[4.72921,44.16897],[4.72971,44.16853],[4.72978,44.16847],[4.73031,44.168],[4.73072,44.16764],[4.73223,44.16636],[4.73387,44.16497],[4.73394,44.1649],[4.73423,44.16466],[4.73423,44.16466],[4.73536,44.16371],[4.73553,44.16357],[4.73663,44.16265],[4.73755,44.16186],[4.7397,44.16004],[4.73977,44.15999],[4.74234,44.15781],[4.74459,44.15592],[4.74504,44.15556],[4.74615,44.15461],[4.74721,44.15371],[4.74865,44.15251],[4.74981,44.15153],[4.75046,44.15098],[4.75113,44.15042],[4.75119,44.15037],[4.75193,44.14973],[4.75301,44.14881],[4.75407,44.14788],[4.75514,44.1469],[4.75615,44.14594],[4.75682,44.14528],[4.75749,44.14461],[4.75783,44.14428],[4.75823,44.14385],[4.75874,44.14333],[4.75907,44.14297],[4.75957,44.14243],[4.75995,44.14201],[4.7604,44.14151],[4.76079,44.14105],[4.76115,44.14063],[4.76155,44.14015],[4.76247,44.13903],[4.76287,44.13852],[4.76352,44.13768],[4.76439,44.13651],[4.76505,44.13557],[4.76514,44.13545],[4.76546,44.13498],[4.76584,44.13442],[4.76621,44.13386],[4.76655,44.13333],[4.76687,44.13282],[4.76737,44.132],[4.76762,44.13158],[4.76792,44.13107],[4.76812,44.13072],[4.76838,44.13026],[4.76873,44.12963],[4.76906,44.12901],[4.76943,44.12829],[4.76979,44.12757],[4.7701,44.12692],[4.77041,44.12627],[4.77102,44.12489],[4.77174,44.12312],[4.77203,44.12236],[4.77233,44.12156],[4.77275,44.12029],[4.77279,44.12017],[4.77327,44.11862],[4.77338,44.11821],[4.77363,44.11729],[4.77386,44.11639],[4.77418,44.11498],[4.77431,44.11433],[4.77435,44.11415],[4.77447,44.1135],[4.77458,44.11283],[4.77469,44.11219],[4.77479,44.11154],[4.77505,44.10939],[4.77509,44.10896],[4.77518,44.10772],[4.77525,44.10649],[4.77529,44.10465],[4.77528,44.10432],[4.77523,44.1022],[4.77518,44.10134],[4.77512,44.10038],[4.77508,44.0999],[4.77501,44.09927],[4.77495,44.09872],[4.77475,44.09719],[4.77448,44.09555],[4.77437,44.09498],[4.77411,44.09371],[4.77393,44.09286],[4.77374,44.09208],[4.77359,44.09148],[4.77336,44.09069],[4.77313,44.08989],[4.77268,44.08845],[4.77253,44.08801],[4.77205,44.08668],[4.77199,44.08651],[4.77142,44.08504],[4.77064,44.08321],[4.76975,44.08132],[4.76953,44.08086],[4.76821,44.07822],[4.76769,44.07721],[4.76739,44.07663],[4.76705,44.07595],[4.76651,44.07492],[4.76591,44.07373],[4.7654,44.07272],[4.76498,44.07189],[4.76451,44.07097],[4.76409,44.07011],[4.76128,44.06457],[4.76125,44.0645],[4.76076,44.06353],[4.76024,44.06252],[4.75979,44.06164],[4.75886,44.05979],[4.75811,44.0583],[4.75763,44.05734],[4.75672,44.05549],[4.75625,44.05454],[4.75577,44.05355],[4.75478,44.05145],[4.75388,44.0494],[4.75352,44.04859],[4.75292,44.04716],[4.75263,44.04645],[4.75234,44.04574],[4.75193,44.04472],[4.75152,44.04369],[4.7507,44.04148],[4.75065,44.04133],[4.74886,44.03653],[4.7486,44.03583],[4.74822,44.03482],[4.74752,44.03293],[4.74746,44.03276],[4.74583,44.02838],[4.74539,44.02719],[4.74453,44.02487],[4.74367,44.02256],[4.74358,44.0223],[4.74351,44.02211],[4.74341,44.02186],[4.74277,44.0201],[4.74263,44.01974],[4.74071,44.01455],[4.74008,44.01284],[4.73976,44.01197],[4.73976,44.01197],[4.7393,44.01075],[4.7388,44.0094],[4.73815,44.00765],[4.73803,44.00731],[4.73783,44.00676],[4.73781,44.00671],[4.73723,44.00512],[4.73699,44.00439],[4.73697,44.00434],[4.73673,44.00362],[4.73659,44.00315],[4.73633,44.00231],[4.73617,44.00178],[4.73615,44.00172],[4.73608,44.00146],[4.73597,44.00105],[4.7359,44.00076],[4.73587,44.00065],[4.73577,44.00023],[4.73553,43.99922],[4.73546,43.99893],[4.73544,43.99881],[4.7353,43.99814],[4.73523,43.9978],[4.73517,43.99744],[4.73514,43.99731],[4.73504,43.99675],[4.73495,43.99615],[4.73486,43.99558],[4.73476,43.99486],[4.73471,43.99441],[4.7346,43.99332],[4.73459,43.99326],[4.73448,43.99184],[4.73446,43.99132],[4.73441,43.98996],[4.7344,43.98943],[4.7344,43.98874],[4.73441,43.98792],[4.73445,43.98685],[4.73447,43.9864],[4.73452,43.98558],[4.73459,43.98481],[4.73469,43.9838],[4.73477,43.98313],[4.73486,43.98251],[4.73495,43.98186],[4.73518,43.98052],[4.73538,43.9795],[4.7355,43.97896],[4.73563,43.9784],[4.73584,43.97751],[4.73612,43.97642],[4.73672,43.97428],[4.73695,43.97345],[4.73695,43.97345],[4.73736,43.97206],[4.7379,43.97025],[4.73829,43.96904],[4.73841,43.96866],[4.73871,43.96779],[4.73886,43.96736],[4.7392,43.96642],[4.7395,43.96563],[4.73978,43.96489],[4.74008,43.96406],[4.74025,43.9636],[4.74042,43.96314],[4.74079,43.96208],[4.74098,43.96143],[4.74106,43.96111],[4.74115,43.96078],[4.74124,43.96038],[4.74132,43.96],[4.74139,43.95958],[4.74143,43.95933],[4.74146,43.95908],[4.74149,43.95882],[4.74152,43.95854],[4.74155,43.95812],[4.74157,43.95768],[4.74158,43.95738],[4.74159,43.95705],[4.74159,43.9567],[4.74159,43.9563],[4.74157,43.95593],[4.74154,43.95556],[4.74144,43.95466],[4.74131,43.95392],[4.74118,43.95329],[4.74098,43.9525],[4.74086,43.9521],[4.74078,43.95179],[4.74063,43.9514],[4.74048,43.95101],[4.74019,43.95029],[4.73984,43.94952],[4.73947,43.94879],[4.73908,43.94811],[4.73877,43.9476],[4.73844,43.94711],[4.7382,43.94677],[4.73756,43.9459],[4.73685,43.94505],[4.73633,43.94448],[4.73585,43.944],[4.73554,43.94369],[4.7352,43.94337],[4.73461,43.94286],[4.73427,43.94257],[4.73403,43.94238],[4.73397,43.94234],[4.73388,43.94227],[4.73334,43.94184],[4.73278,43.94145],[4.73211,43.941],[4.73137,43.94053],[4.731,43.94032],[4.72997,43.93974],[4.72923,43.93936],[4.72879,43.93915],[4.72834,43.93893],[4.72743,43.93853],[4.72701,43.93836],[4.72659,43.93819],[4.72622,43.93805],[4.72583,43.93791],[4.72534,43.93774],[4.72483,43.93757],[4.72393,43.93728],[4.72291,43.937],[4.72209,43.9368],[4.72128,43.93662],[4.72076,43.9365],[4.71958,43.93624],[4.71884,43.93608],[4.71768,43.93583],[4.7161,43.93549],[4.71413,43.93506],[4.71145,43.93448],[4.71116,43.93442],[4.69906,43.9318],[4.68746,43.92928],[4.68646,43.92906],[4.6855,43.92884],[4.68458,43.92862],[4.68366,43.92839],[4.68216,43.92799],[4.68108,43.92769],[4.68061,43.92756],[4.67925,43.92714],[4.67838,43.92687],[4.6775,43.92657],[4.67612,43.9261],[4.67516,43.92575],[4.67368,43.92519],[4.67229,43.92463],[4.6708,43.924],[4.66937,43.92336],[4.66735,43.92238],[4.66676,43.92208],[4.66616,43.92177],[4.66558,43.92147],[4.665,43.92115],[4.66387,43.92052],[4.6633,43.92019],[4.66258,43.91977],[4.66173,43.91926],[4.66088,43.91872],[4.65978,43.918],[4.65898,43.91746],[4.65858,43.91718],[4.65792,43.91671],[4.65725,43.91623],[4.6566,43.91574],[4.65595,43.91524],[4.6554,43.9148],[4.65489,43.91439],[4.65371,43.91338],[4.65254,43.91237],[4.65199,43.91188],[4.65154,43.91144],[4.65111,43.91103],[4.65062,43.91054],[4.65012,43.91004],[4.64949,43.90937],[4.64885,43.90869],[4.64748,43.90713],[4.64657,43.90606],[4.64547,43.90477],[4.64337,43.9023],[4.64315,43.90205],[4.64245,43.90124],[4.64151,43.90018],[4.64048,43.89906],[4.63921,43.89776],[4.63812,43.89669],[4.63782,43.8964],[4.63676,43.89539],[4.63529,43.89408],[4.63502,43.89384],[4.63386,43.89284],[4.6327,43.89185],[4.63036,43.88986],[4.63008,43.88962],[4.62787,43.88776],[4.62755,43.88749],[4.62343,43.884],[4.62281,43.88348],[4.61701,43.87856],[4.61691,43.87848],[4.61379,43.87583],[4.61222,43.87451],[4.61063,43.8732],[4.60949,43.87228],[4.60836,43.87138],[4.60718,43.8705],[4.60601,43.86965],[4.6047,43.8687],[4.60345,43.86781],[4.60231,43.86705],[4.60088,43.8661],[4.59952,43.86523],[4.59816,43.86437],[4.59712,43.86374],[4.596,43.86307],[4.59396,43.86189],[4.59184,43.86074],[4.59132,43.86046],[4.58968,43.8596],[4.58801,43.85876],[4.58732,43.85842],[4.58621,43.85788],[4.58507,43.85735],[4.58345,43.8566],[4.58179,43.85587],[4.58034,43.85524],[4.57883,43.85462],[4.57708,43.8539],[4.56289,43.84815],[4.56271,43.84808],[4.55855,43.84639],[4.55832,43.8463],[4.55243,43.84391],[4.55233,43.84387],[4.55047,43.84311],[4.5486,43.84233],[4.54605,43.84121],[4.54595,43.84116],[4.5442,43.84034],[4.54323,43.83987],[4.54228,43.83939],[4.54105,43.83875],[4.53983,43.8381],[4.53825,43.83723],[4.53659,43.83627],[4.53652,43.83623],[4.53505,43.83533],[4.53367,43.83447],[4.5322,43.8335],[4.53067,43.83246],[4.53062,43.83242],[4.52854,43.83101],[4.52604,43.8293],[4.52604,43.8293],[4.5256,43.829],[4.52479,43.82847],[4.52434,43.82819],[4.52382,43.82785],[4.5233,43.82749],[4.52301,43.82729],[4.5225,43.82695],[4.52191,43.82654],[4.52191,43.82654],[4.52156,43.82631],[4.52096,43.82592],[4.52062,43.82569],[4.52028,43.82546],[4.51967,43.82508],[4.5187,43.82444],[4.51788,43.82389],[4.51712,43.82337],[4.51633,43.82283],[4.51633,43.82283],[4.51563,43.82236],[4.5153,43.82213],[4.51501,43.82194],[4.51477,43.82179],[4.51453,43.82163],[4.51432,43.82151],[4.51397,43.8213],[4.51362,43.82111],[4.51327,43.82093],[4.51292,43.82077],[4.51279,43.8207],[4.51219,43.82044],[4.51155,43.8202],[4.51095,43.81999],[4.51035,43.81981],[4.50961,43.81961],[4.50887,43.81945],[4.5081,43.81931],[4.50733,43.81921],[4.50666,43.81914],[4.50632,43.81912],[4.50599,43.8191],[4.50539,43.81908],[4.50479,43.81908],[4.50435,43.8191],[4.50395,43.81911],[4.50368,43.81913],[4.5034,43.81915],[4.50315,43.81917],[4.50291,43.8192],[4.50264,43.81923],[4.50241,43.81926],[4.50212,43.8193],[4.50185,43.81934],[4.50158,43.81939],[4.50129,43.81944],[4.50073,43.81956],[4.50036,43.81965],[4.49999,43.81975],[4.49951,43.81989],[4.49903,43.82004],[4.4985,43.82022],[4.49798,43.82042],[4.49665,43.82095],[4.49555,43.82139],[4.49445,43.8218],[4.49388,43.822],[4.49337,43.82217],[4.49299,43.8223],[4.49186,43.82265],[4.49186,43.82265],[4.49138,43.82279],[4.49048,43.82306],[4.48972,43.82328],[4.48972,43.82328],[4.48758,43.82391],[4.48323,43.8252],[4.4818,43.82563],[4.47952,43.82629],[4.47885,43.82649],[4.47388,43.82796],[4.47375,43.828],[4.46838,43.82958],[4.44766,43.83568],[4.43727,43.83875],[4.43298,43.84001],[4.42863,43.84129],[4.42671,43.84186],[4.42071,43.84363],[4.42071,43.84363],[4.41976,43.8439],[4.41814,43.84438],[4.4176,43.84454],[4.41742,43.84459],[4.41701,43.8447],[4.41613,43.8449],[4.41572,43.84498],[4.41524,43.84507],[4.41479,43.84514],[4.41479,43.84514],[4.41401,43.84526],[4.41336,43.84538],[4.41275,43.84551],[4.41229,43.84562],[4.41185,43.84574],[4.41008,43.84624],[4.40943,43.84641],[4.40868,43.84659],[4.40817,43.84669],[4.4075,43.8468],[4.40489,43.8472],[4.40241,43.84754],[4.40144,43.84767],[4.40144,43.84767],[4.40009,43.84785],[4.39945,43.84794],[4.3988,43.84801],[4.398,43.84807],[4.39771,43.84808],[4.39699,43.84807],[4.39642,43.84806],[4.39594,43.84805],[4.3957,43.84803],[4.39478,43.84798],[4.3938,43.84791],[4.3926,43.84782],[4.39182,43.84775],[4.39105,43.84766],[4.39031,43.84757],[4.38992,43.84753],[4.38983,43.84752],[4.389,43.8474],[4.38844,43.8473],[4.38791,43.84721],[4.38791,43.84721],[4.38705,43.84704],[4.38629,43.84689],[4.38621,43.84687],[4.38376,43.84637],[4.38259,43.84611],[4.3817,43.8459],[4.38107,43.84575],[4.38058,43.84563],[4.38007,43.84549],[4.37958,43.84534],[4.37922,43.84521],[4.37899,43.84512],[4.37864,43.84496],[4.37849,43.84489],[4.37837,43.84482],[4.3779,43.84457],[4.37766,43.84444],[4.37728,43.84421],[4.37671,43.84381],[4.37624,43.84345],[4.37608,43.84331],[4.37584,43.8431],[4.37548,43.84275],[4.3753,43.84256],[4.37512,43.84237],[4.37467,43.84184],[4.37445,43.84153],[4.37423,43.84122],[4.37403,43.84091],[4.37395,43.84074],[4.37376,43.84038],[4.37361,43.84005],[4.37351,43.83982],[4.37347,43.83973],[4.37335,43.83945],[4.37326,43.83927],[4.3731,43.83898],[4.37284,43.83853],[4.37271,43.83834],[4.37256,43.83813],[4.37248,43.83803],[4.37248,43.83803],[4.37227,43.83778],[4.37216,43.83765],[4.3721,43.83758],[4.37196,43.83742],[4.37184,43.8373],[4.37156,43.83701],[4.37127,43.83673],[4.37098,43.83648],[4.37053,43.8361],[4.37006,43.8357],[4.36966,43.83537],[4.36905,43.83486],[4.36867,43.83455],[4.36867,43.83455],[4.36828,43.83419],[4.36822,43.83413],[4.36822,43.83413],[4.36785,43.83379],[4.36756,43.83353],[4.36671,43.83282],[4.36635,43.83252],[4.36621,43.8324],[4.36621,43.8324]]},"properties":{"name":"Ligne de Paris-Est à Mulhouse-Ville, LGV Rhin-Rhône, Voie D, Ligne de Paris-Lyon à Marseille-Saint-Charles, Ligne de Paris-Lyon à Marseille-Saint-Charles, Ligne de Combs-la-Ville à Saint-Louis (LGV)"}}]}